chr	start	end	average
chrI	50001	60000	2.19315392149398
chrI	130001	140000	2.54113785648222
chrI	140001	150000	5.37807404354334
chrI	150001	160000	4.16724090856595
chrI	160001	170000	4.76834096140535
chrI	170001	180000	1.95318931383672
chrI	190001	200000	2.42943249098034
chrI	200001	210000	2.94916123742959
chrI	210001	220000	3.97444839339981
chrI	220001	230000	4.39468273316914
chrI	230001	240000	3.16614637123807
chrI	240001	250000	3.50758849436184
chrI	250001	260000	4.83266008242171
chrI	260001	270000	2.79786299285659
chrI	550001	560000	2.84012483381447
chrI	560001	570000	1.42025275403083
chrI	570001	580000	5.47255379420364
chrI	580001	590000	5.0448629637363
chrI	590001	600000	7.54710314118702
chrI	600001	610000	5.22772971096771
chrI	610001	620000	1.69593539738092
chrI	620001	630000	6.60978792494574
chrI	640001	650000	3.81004550994285
chrI	660001	670000	1.96973735867764
chrI	670001	680000	3.3542947388926
chrI	680001	690000	3.49266273929606
chrI	700001	710000	5.01219773548802
chrI	730001	740000	3.9164496201622
chrI	740001	750000	8.68144393826452
chrI	750001	760000	4.26730215618552
chrI	770001	780000	5.06050929294853
chrI	790001	800000	5.50521171424875
chrI	800001	810000	5.48199011411766
chrI	810001	820000	6.16338334218411
chrI	830001	840000	7.03186302015694
chrI	840001	850000	6.75498787955408
chrI	850001	860000	4.18768154510163
chrI	860001	870000	5.17959806419545
chrI	870001	880000	2.10328349245045
chrI	900001	910000	5.10470493494174
chrI	910001	920000	7.76620828738324
chrI	920001	930000	9.0245127800189
chrI	930001	940000	6.85900640410349
chrI	940001	950000	2.04643988837308
chrI	960001	970000	2.37371894718901
chrI	970001	980000	2.57756952307883
chrI	990001	1000000	2.20509082544957
chrI	1000001	1010000	5.15351346214437
chrI	1070001	1080000	1.04721803027343
chrI	1080001	1090000	4.28146663029344
chrI	1110001	1120000	1.85035111566008
chrI	1120001	1130000	4.04999185177748
chrI	1160001	1170000	2.62457446907487
chrI	1180001	1190000	7.20086706624029
chrI	1210001	1220000	2.68679962087787
chrI	1230001	1240000	2.07858324283769
chrI	1240001	1250000	6.54471096638974
chrI	1260001	1270000	4.61179537397722
chrI	1270001	1280000	3.31836347860332
chrI	1280001	1290000	4.35218126668899
chrI	1290001	1300000	2.91535755271535
chrI	1300001	1310000	0.864975029778103
chrI	1310001	1320000	2.73942663538874
chrI	1320001	1330000	6.37379487231981
chrI	1330001	1340000	2.88877859477671
chrI	1420001	1430000	7.52326041446031
chrI	1450001	1460000	1.19340281886471
chrI	1460001	1470000	4.1050264021068
chrI	1470001	1480000	3.23591256399474
chrI	1490001	1500000	2.84836314550235
chrI	1520001	1530000	7.51404057939872
chrI	1530001	1540000	2.92067370607045
chrI	1600001	1610000	3.0822207635973
chrI	1610001	1620000	3.35773990595221
chrI	1650001	1660000	2.1164115790242
chrI	1800001	1810000	7.82353603401414
chrI	1810001	1820000	5.63345085877141
chrI	1900001	1910000	3.30561939697336
chrI	1920001	1930000	6.5942231581701
chrI	1940001	1950000	2.2279307671858
chrI	1960001	1970000	2.43107169465815
chrI	1990001	2000000	1.84264648428338
chrI	2020001	2030000	5.41117833311906
chrI	2030001	2040000	1.22422009765707
chrI	2050001	2060000	4.53589478098447
chrI	2090001	2100000	1.56279630383716
chrI	2130001	2140000	2.53369972389532
chrI	2210001	2220000	3.30008413194363
chrI	2220001	2230000	4.65842579046678
chrI	2230001	2240000	8.20190447393636
chrI	2240001	2250000	5.51510090904796
chrI	2250001	2260000	4.47414136986283
chrI	2260001	2270000	4.77406220095427
chrI	2320001	2330000	1.86828060907669
chrI	2340001	2350000	1.74125064559871
chrI	2350001	2360000	2.97563944537304
chrI	2360001	2370000	3.96970829530817
chrI	2370001	2380000	2.30232141990458
chrI	2420001	2430000	1.86278100424257
chrI	2440001	2450000	4.67957103487998
chrI	2450001	2460000	2.66298239589562
chrI	2470001	2480000	2.84789963356289
chrI	2520001	2530000	3.78103442491257
chrI	2530001	2540000	4.29965209386974
chrI	2540001	2550000	4.09713803025153
chrI	2550001	2560000	5.16513445289973
chrI	2560001	2570000	2.32723956740467
chrI	2570001	2580000	1.82439717946256
chrI	2660001	2670000	1.39653730478644
chrI	2670001	2680000	2.75635484745425
chrI	2690001	2700000	3.80361962553394
chrI	2780001	2790000	3.75289838971719
chrI	2790001	2800000	2.82393332395565
chrI	2800001	2810000	1.23588783407659
chrI	2810001	2820000	1.75679396209918
chrI	3060001	3070000	3.08106292739418
chrI	3140001	3150000	1.81738249806402
chrI	3270001	3280000	6.33158902504619
chrI	3290001	3300000	7.28307903602027
chrI	3300001	3310000	3.76955857350525
chrI	3310001	3320000	2.2632411864416
chrI	3350001	3360000	3.58563714890816
chrI	3360001	3370000	3.62821764246632
chrI	3370001	3380000	4.01622005137046
chrI	3380001	3390000	1.27495923167673
chrI	3390001	3400000	7.03381777152791
chrI	3400001	3410000	3.18941660831873
chrI	3420001	3430000	5.10662811771352
chrI	3520001	3530000	3.07159052684533
chrI	3640001	3650000	3.52237485613721
chrI	3650001	3660000	6.00423804883005
chrI	3660001	3670000	3.22598591371396
chrI	3770001	3780000	2.64968243437124
chrI	3940001	3950000	1.8794555323313
chrI	4050001	4060000	1.56141039411261
chrI	4060001	4070000	5.901529121756
chrI	4070001	4080000	3.16225669224642
chrI	4080001	4090000	3.7939400427306
chrI	4090001	4100000	4.45255824569712
chrI	4100001	4110000	2.56954290764492
chrI	4110001	4120000	5.19776506853019
chrI	4400001	4410000	7.67844723087442
chrI	4460001	4470000	2.87278511727394
chrI	4470001	4480000	3.44776041696853
chrI	4550001	4560000	3.17091181402932
chrI	4560001	4570000	2.25516376966233
chrI	4810001	4820000	4.06808259360376
chrI	4820001	4830000	1.72538466010389
chrI	4850001	4860000	1.11525186306873
chrI	4860001	4870000	4.56150931515942
chrI	4870001	4880000	4.29457605824519
chrI	4890001	4900000	3.5092560235188
chrI	4900001	4910000	2.85483793701993
chrI	5000001	5010000	2.10855627518836
chrI	5040001	5050000	1.96374458547327
chrI	5230001	5240000	4.94534810621454
chrI	5380001	5390000	2.43817092471342
chrI	5390001	5400000	2.17897658538382
chrI	5430001	5440000	1.51892492521235
chrI	5440001	5450000	0.850943577297927
chrI	5450001	5460000	6.75690588256408
chrI	5460001	5470000	5.68632453487411
chrI	5520001	5530000	1.70330413699619
chrI	5730001	5740000	4.51717244190427
chrI	5920001	5930000	4.84519478659761
chrI	5950001	5960000	7.76980364623049
chrI	5960001	5970000	2.47325852159232
chrI	6300001	6310000	1.78615466209605
chrI	6390001	6400000	1.95438221947406
chrI	6480001	6490000	2.44380320228568
chrI	6520001	6530000	1.77896231515418
chrI	6620001	6630000	1.55891447535406
chrI	6630001	6640000	4.3435270650553
chrI	6640001	6650000	4.20573995259807
chrI	6650001	6660000	5.30716757676865
chrI	6660001	6670000	2.34239708142557
chrI	6670001	6680000	5.22933327246546
chrI	6680001	6690000	4.9570823291601
chrI	6690001	6700000	4.66672129384517
chrI	6700001	6710000	3.78796955980003
chrI	7000001	7010000	2.33971594285924
chrI	7100001	7110000	1.34785595542604
chrI	7270001	7280000	1.79362045735649
chrI	7320001	7330000	1.40548142142608
chrI	7330001	7340000	2.98521668800337
chrI	7350001	7360000	1.87809283763516
chrI	7360001	7370000	5.21137924084754
chrI	7370001	7380000	4.42617024146935
chrI	7390001	7400000	3.25741857614584
chrI	7400001	7410000	2.93376119479649
chrI	7410001	7420000	3.64034276237709
chrI	7420001	7430000	4.64434532990506
chrI	7430001	7440000	4.88396635396033
chrI	7440001	7450000	3.76500789114501
chrI	7620001	7630000	1.67441285377746
chrI	7740001	7750000	2.48592512243512
chrI	7780001	7790000	2.3635746612152
chrI	7800001	7810000	1.28018042980123
chrI	7990001	8000000	1.06041143042015
chrI	8070001	8080000	4.37257285188415
chrI	8140001	8150000	1.01776012079266
chrI	8150001	8160000	6.03353845003388
chrI	8160001	8170000	8.2071438323073
chrI	8170001	8180000	6.56441166152224
chrI	8180001	8190000	6.73539134028039
chrI	8190001	8200000	3.66438244837881
chrI	8200001	8210000	2.88157838950809
chrI	8260001	8270000	2.71459045238064
chrI	8340001	8350000	2.05396333241772
chrI	8440001	8450000	2.34169433268212
chrI	8460001	8470000	4.8295398272383
chrI	8470001	8480000	6.67685177218758
chrI	8550001	8560000	1.80560905851411
chrI	8890001	8900000	1.73034942430176
chrI	8930001	8940000	3.62943826939527
chrI	8940001	8950000	5.46040892275383
chrI	8950001	8960000	3.62579543013513
chrI	8990001	9000000	1.54030351770549
chrI	9030001	9040000	2.90443530187068
chrI	9190001	9200000	1.23719540661851
chrI	9200001	9210000	2.71805020396723
chrI	9350001	9360000	2.87250655875872
chrI	9800001	9810000	4.07939112640212
chrI	9810001	9820000	7.0865975756796
chrI	10010001	10020000	1.45470053226398
chrI	10140001	10150000	5.78055583193815
chrI	10150001	10160000	2.14893858490988
chrI	10240001	10250000	6.71477144328027
chrI	10260001	10270000	1.10575202910088
chrI	10270001	10280000	6.45432300882649
chrI	10320001	10330000	2.37293477834048
chrI	10490001	10500000	1.29451068315122
chrI	10690001	10700000	3.06497544447663
chrI	10700001	10710000	3.7087067889435
chrI	10860001	10870000	3.42983272512454
chrI	10870001	10880000	2.24298419507696
chrI	10880001	10890000	4.39871477314823
chrI	10900001	10910000	2.88139163102898
chrI	10910001	10920000	6.09792382665069
chrI	10950001	10960000	4.13768468539101
chrI	10980001	10990000	1.8005228947407
chrI	10990001	11000000	2.39501093325151
chrI	11000001	11010000	5.10147483052159
chrI	11020001	11030000	3.66947318277745
chrI	11030001	11040000	5.8325024439642
chrI	11110001	11120000	3.67612493144572
chrI	11140001	11150000	7.07308049105121
chrI	11150001	11160000	8.50480156741602
chrI	11230001	11240000	6.06482756177783
chrI	11240001	11250000	2.99894879803091
chrI	11250001	11260000	5.58066417673438
chrI	11260001	11270000	6.44695528315977
chrI	11270001	11280000	1.43244353273216
chrI	11280001	11290000	5.22480539581213
chrI	11290001	11300000	1.35346115981453
chrI	11300001	11310000	6.57958503109347
chrI	11310001	11320000	5.21186441385279
chrI	11340001	11350000	8.04770879599447
chrI	11360001	11370000	1.2093994254149
chrI	11420001	11430000	4.34057323571708
chrI	11430001	11440000	5.24093148888818
chrI	11440001	11450000	6.14584311603514
chrI	11450001	11460000	7.20912411702696
chrI	11460001	11470000	6.79364807944872
chrI	11470001	11480000	5.49090175076332
chrI	11480001	11490000	5.30598834931833
chrI	11490001	11500000	2.68042659197035
chrI	11500001	11510000	1.56686064191069
chrI	11530001	11540000	4.57946094974604
chrI	11560001	11570000	2.61965329918398
chrI	11630001	11640000	7.73574361517357
chrI	11640001	11650000	3.90391858123683
chrI	11690001	11700000	2.14225228775639
chrI	11710001	11720000	2.46935090444294
chrI	11720001	11730000	6.32858810307934
chrI	11730001	11740000	2.16397394357315
chrI	11840001	11850000	2.96405113879324
chrI	12010001	12020000	4.61208762833538
chrI	12020001	12030000	8.06495187886057
chrI	12030001	12040000	2.97213628011925
chrI	12070001	12080000	4.67807613487719
chrI	12090001	12100000	4.12380970046508
chrI	12100001	12110000	5.34699785059343
chrI	12110001	12120000	3.53908971468796
chrI	12120001	12130000	5.81767393609335
chrI	12130001	12140000	5.9789986626649
chrI	12150001	12160000	2.5928745220428
chrI	12240001	12250000	6.2007903544433
chrI	12250001	12260000	6.32107639628878
chrI	12260001	12270000	5.27948759422693
chrI	12270001	12280000	7.61801836753562
chrI	12290001	12300000	4.61789436018663
chrI	12300001	12310000	6.67692480055716
chrI	12310001	12320000	4.98653186101848
chrI	12320001	12330000	5.32215112796008
chrI	12330001	12340000	2.37594791775744
chrI	12350001	12360000	9.24296986365872
chrI	12360001	12370000	4.09161607548049
chrI	12370001	12380000	7.31853644217769
chrI	12380001	12390000	5.04700711978037
chrI	12390001	12400000	7.86187559453878
chrI	12400001	12410000	5.50959583612362
chrI	12410001	12420000	4.88303509206114
chrI	12430001	12440000	5.57336214185911
chrI	12440001	12450000	6.92169225639314
chrI	12450001	12460000	6.27096113350017
chrI	12460001	12470000	4.07787349828316
chrI	12470001	12480000	3.5885192563913
chrI	12490001	12500000	1.35602328209313
chrI	12500001	12510000	2.06532268790493
chrI	12510001	12520000	2.12519996836819
chrI	12580001	12590000	2.71172262337298
chrI	12600001	12610000	1.29936842881816
chrI	12610001	12620000	3.78717269540637
chrI	12620001	12630000	3.52439993728481
chrI	12630001	12640000	6.81958159601762
chrI	12680001	12690000	8.96636875214541
chrI	12690001	12700000	3.97835548610113
chrI	12700001	12710000	8.70513276276494
chrI	12710001	12720000	6.38454142105637
chrI	12760001	12770000	3.73424854784083
chrI	12770001	12780000	4.02842419711881
chrI	12780001	12790000	6.26626614380861
chrI	12860001	12870000	6.15500730829966
chrI	12940001	12950000	1.97441400845356
chrI	13000001	13010000	3.5507780954858
chrI	13010001	13020000	6.30080052491413
chrI	13020001	13030000	3.98705852241367
chrI	13040001	13050000	1.98399012882064
chrI	13050001	13060000	2.79941740447568
chrI	13060001	13070000	3.44304909146917
chrI	13070001	13080000	5.60473032106244
chrI	13080001	13090000	3.92690219752485
chrI	13100001	13110000	2.3391551006727
chrI	13110001	13120000	7.88247006221065
chrI	13120001	13130000	6.31175485788072
chrI	13130001	13140000	5.0179295267552
chrI	13140001	13150000	2.62440096983922
chrI	13170001	13180000	2.46135700309929
chrI	13180001	13190000	3.57220889968374
chrI	13190001	13200000	4.34130388407932
chrI	13200001	13210000	5.83801511267295
chrI	13210001	13220000	7.03863953357163
chrI	13220001	13230000	2.58866860141154
chrI	13520001	13530000	1.80895934286233
chrI	13590001	13600000	5.03759105700553
chrI	13600001	13610000	2.51455051106184
chrI	13700001	13710000	4.08459388260556
chrI	13710001	13720000	8.94583033963756
chrI	13720001	13730000	5.75583671567006
chrI	13730001	13740000	6.1156525706587
chrI	13740001	13750000	3.30409623751319
chrI	13780001	13790000	3.6422260019621
chrI	13870001	13880000	5.30227220634644
chrI	13880001	13890000	1.66002240586483
chrI	13890001	13900000	3.88927184652348
chrI	13900001	13910000	9.25204938408275
chrI	13910001	13920000	5.37232974178133
chrI	13920001	13930000	5.23347861465049
chrI	13930001	13940000	5.79649289548453
chrI	13960001	13970000	4.80945881430078
chrI	13980001	13990000	2.83901821463896
chrI	13990001	14000000	1.44326854224102
chrI	14000001	14010000	3.82486216678953
chrI	14010001	14020000	3.52493233699133
chrI	14020001	14030000	3.76181522386255
chrI	14030001	14040000	2.19095712131294
chrI	14150001	14160000	2.07653834049311
chrI	14170001	14180000	1.90467131876599
chrI	14180001	14190000	3.34715858940189
chrI	14200001	14210000	3.3765351361921
chrI	14240001	14250000	1.9476935442927
chrI	14250001	14260000	5.44148581472135
chrI	14260001	14270000	7.18160761343296
chrI	14270001	14280000	8.21887174264563
chrI	14280001	14290000	1.12139311230805
chrI	14330001	14340000	8.39039151856941
chrI	14350001	14360000	2.87538345280117
chrI	14370001	14380000	7.26468898862018
chrI	14390001	14400000	3.38462659410435
chrI	14400001	14410000	5.32463331225265
chrI	14420001	14430000	2.26469826743604
chrI	14430001	14440000	2.16101358253813
chrI	14440001	14450000	5.51575456756077
chrI	14450001	14460000	3.75084963661523
chrI	14540001	14550000	2.0754052503062
chrI	14580001	14590000	1.10931025841448
chrI	14820001	14830000	1.97368530372995
chrI	14850001	14860000	2.14169162440937
chrI	14860001	14870000	2.49660805252759
chrI	14870001	14880000	4.89698995646377
chrI	14880001	14890000	4.64482829720201
chrI	14890001	14900000	1.32072583640307
chrI	14900001	14910000	3.67485778793976
chrI	14910001	14920000	1.96450649929043
chrI	14920001	14930000	2.17278751454765
chrI	14930001	14940000	1.71619313129082
chrI	14940001	14950000	1.05337785570628
chrI	14950001	14960000	1.49267733973385
chrI	14970001	14980000	2.35660336435179
chrI	14980001	14990000	7.89611540741759
chrI	14990001	15000000	2.7408093435181
chrI	15000001	15010000	0.980475189744614
chrII	10001	20000	1.88716257992988
chrII	80001	90000	2.21299739661581
chrII	90001	100000	1.36833448678329
chrII	100001	110000	1.50141186490835
chrII	110001	120000	2.29968497892352
chrII	120001	130000	2.64224005469716
chrII	130001	140000	3.90527579950533
chrII	170001	180000	3.10118713356767
chrII	180001	190000	3.80871954091816
chrII	190001	200000	1.97386724868942
chrII	200001	210000	4.36654802493768
chrII	290001	300000	1.45116339917783
chrII	330001	340000	2.289423871113
chrII	350001	360000	6.97360983681444
chrII	360001	370000	1.25889934586853
chrII	370001	380000	0.941369870727076
chrII	380001	390000	4.66601753205996
chrII	610001	620000	1.60454273507995
chrII	630001	640000	2.09585874667456
chrII	640001	650000	2.53763143813348
chrII	660001	670000	3.33925792231362
chrII	670001	680000	3.48005071908859
chrII	680001	690000	2.41283696426222
chrII	690001	700000	7.09945325283486
chrII	730001	740000	3.95978066986915
chrII	740001	750000	4.18314897024517
chrII	760001	770000	1.8706385974016
chrII	770001	780000	6.61715841395459
chrII	780001	790000	6.5397876828012
chrII	790001	800000	8.50851161082888
chrII	800001	810000	7.05354816169032
chrII	810001	820000	4.34973292582839
chrII	820001	830000	7.10324192414325
chrII	830001	840000	7.01402207321861
chrII	840001	850000	1.90535619943466
chrII	850001	860000	1.96096926006648
chrII	860001	870000	1.33697323993807
chrII	1020001	1030000	2.28380290905133
chrII	1070001	1080000	5.59071926512179
chrII	1160001	1170000	2.98146154319171
chrII	1170001	1180000	3.64578365448296
chrII	1190001	1200000	4.74870559803946
chrII	1220001	1230000	1.60123829624742
chrII	1250001	1260000	6.38910960091295
chrII	1260001	1270000	5.6319448149145
chrII	1270001	1280000	4.32989711619298
chrII	1280001	1290000	4.25655003842592
chrII	1370001	1380000	1.6021382634854
chrII	1380001	1390000	5.06900223210147
chrII	1390001	1400000	5.53763699018553
chrII	1400001	1410000	1.03829223364893
chrII	1430001	1440000	2.60511409107863
chrII	1470001	1480000	1.05992411225904
chrII	1480001	1490000	3.67102331274198
chrII	1570001	1580000	2.53340198164547
chrII	1580001	1590000	5.12485658501208
chrII	1590001	1600000	6.27416939111044
chrII	1600001	1610000	4.87894783150489
chrII	1610001	1620000	4.16810121110813
chrII	1620001	1630000	5.74981115534214
chrII	1630001	1640000	4.31704154579943
chrII	1700001	1710000	1.47179893971651
chrII	1730001	1740000	3.2439049154687
chrII	1760001	1770000	2.21730902217423
chrII	1790001	1800000	5.50655834495943
chrII	1800001	1810000	2.34294736016962
chrII	1830001	1840000	2.83921424316033
chrII	1870001	1880000	6.96014799801372
chrII	1880001	1890000	7.77772113157615
chrII	1890001	1900000	4.93907180501841
chrII	1900001	1910000	5.35808526270447
chrII	1910001	1920000	4.38637392574524
chrII	1920001	1930000	2.76046715223596
chrII	1930001	1940000	3.50203006734864
chrII	1940001	1950000	1.69739244551905
chrII	1950001	1960000	4.2567305527978
chrII	1960001	1970000	5.84475682707725
chrII	1980001	1990000	3.5597956167778
chrII	1990001	2000000	2.56698785254294
chrII	2000001	2010000	3.06702214923363
chrII	2010001	2020000	5.22996120617065
chrII	2020001	2030000	6.78130498448738
chrII	2030001	2040000	6.2338731397497
chrII	2040001	2050000	4.39739245213719
chrII	2070001	2080000	4.1241967178429
chrII	2080001	2090000	8.2332329805712
chrII	2100001	2110000	3.6552871802171
chrII	2110001	2120000	2.75752870889046
chrII	2150001	2160000	4.16477470600275
chrII	2160001	2170000	1.34219051551371
chrII	2230001	2240000	3.59900380154645
chrII	2250001	2260000	3.92595118208314
chrII	2260001	2270000	7.33185661329805
chrII	2270001	2280000	5.07779734480152
chrII	2280001	2290000	4.61972181412068
chrII	2300001	2310000	1.04023744924761
chrII	2310001	2320000	0.998269778946163
chrII	2320001	2330000	1.8851250273457
chrII	2330001	2340000	2.65890232567127
chrII	2350001	2360000	2.7040415668815
chrII	2360001	2370000	7.95549509466659
chrII	2370001	2380000	1.99963463664372
chrII	2380001	2390000	2.05971542555655
chrII	2390001	2400000	4.19751055574219
chrII	2400001	2410000	4.35765696506303
chrII	2410001	2420000	3.59411172891119
chrII	2420001	2430000	1.85323377983061
chrII	2460001	2470000	5.13785157423648
chrII	2490001	2500000	3.82117367875547
chrII	2510001	2520000	8.16024879999722
chrII	2520001	2530000	4.75832522904783
chrII	2530001	2540000	3.10063982428583
chrII	2540001	2550000	5.30842359171067
chrII	2550001	2560000	2.37353869282393
chrII	2580001	2590000	2.90624185232621
chrII	2590001	2600000	5.6534074281709
chrII	2600001	2610000	4.8426778699553
chrII	2610001	2620000	4.89993922562487
chrII	2620001	2630000	6.21066459496628
chrII	2630001	2640000	8.18653887115953
chrII	2640001	2650000	2.22568540539173
chrII	2650001	2660000	5.9955647543528
chrII	2670001	2680000	0.995547131742708
chrII	2690001	2700000	2.42599078073849
chrII	2700001	2710000	5.43112095090555
chrII	2720001	2730000	2.58323526180107
chrII	2740001	2750000	7.7289104470385
chrII	2750001	2760000	2.09806544123511
chrII	2820001	2830000	2.56732534793181
chrII	2840001	2850000	4.14750395357316
chrII	2860001	2870000	2.2347264022948
chrII	2870001	2880000	2.96374058624671
chrII	2900001	2910000	5.42766181962282
chrII	2920001	2930000	1.21945634696575
chrII	2930001	2940000	3.01785800534353
chrII	2940001	2950000	4.27844344362926
chrII	2950001	2960000	5.52029269275556
chrII	3010001	3020000	3.11337040823235
chrII	3040001	3050000	3.94845674578962
chrII	3130001	3140000	6.25129552938539
chrII	3140001	3150000	7.26517892970504
chrII	3150001	3160000	8.87165841156544
chrII	3160001	3170000	8.37948237532274
chrII	3170001	3180000	4.60311065594041
chrII	3180001	3190000	2.73545633892177
chrII	3190001	3200000	3.82168166743676
chrII	3200001	3210000	1.7267739138531
chrII	3210001	3220000	5.84082032568072
chrII	3220001	3230000	3.31123971858349
chrII	3230001	3240000	5.8107050173393
chrII	3240001	3250000	3.6327048983087
chrII	3290001	3300000	2.94001479313411
chrII	3330001	3340000	1.69667082941575
chrII	3350001	3360000	2.51675802586429
chrII	3360001	3370000	3.85528359656963
chrII	3390001	3400000	3.66372623342713
chrII	3400001	3410000	4.20721499534143
chrII	3410001	3420000	5.94696528904664
chrII	3420001	3430000	5.05535619248003
chrII	3430001	3440000	3.09765511142968
chrII	3440001	3450000	3.99537645114641
chrII	3450001	3460000	8.21835692164201
chrII	3460001	3470000	5.9024520628737
chrII	3560001	3570000	5.37596516910343
chrII	3570001	3580000	4.94686706053881
chrII	3580001	3590000	4.1350200284215
chrII	3600001	3610000	3.59557978880378
chrII	3610001	3620000	2.63531535568311
chrII	3620001	3630000	3.67515331461402
chrII	3660001	3670000	1.26900729205685
chrII	3690001	3700000	3.20852002439574
chrII	3700001	3710000	2.21635297757226
chrII	3710001	3720000	5.60923148451594
chrII	3720001	3730000	1.1103911713759
chrII	3760001	3770000	2.83746933674972
chrII	3770001	3780000	1.63710381470916
chrII	3790001	3800000	1.76212743472637
chrII	3830001	3840000	4.11498683465634
chrII	3840001	3850000	7.17390073419731
chrII	3850001	3860000	7.4469958612788
chrII	3860001	3870000	7.03396742338085
chrII	3870001	3880000	3.33158042963837
chrII	3880001	3890000	3.23162400667543
chrII	3910001	3920000	3.24479471861503
chrII	4000001	4010000	2.97875642289192
chrII	4010001	4020000	2.79626367062893
chrII	4020001	4030000	1.2618594306458
chrII	4060001	4070000	1.31075846595759
chrII	4070001	4080000	2.34495666244212
chrII	4110001	4120000	4.1464203111012
chrII	4140001	4150000	5.97749238122401
chrII	4160001	4170000	7.84623175627162
chrII	4170001	4180000	3.22491941805194
chrII	4190001	4200000	2.51897764222907
chrII	4220001	4230000	4.56454119010358
chrII	4250001	4260000	3.68934080438097
chrII	4260001	4270000	4.38577406710616
chrII	4270001	4280000	3.00939504052723
chrII	4280001	4290000	3.43185636087162
chrII	4350001	4360000	1.95630515273904
chrII	4360001	4370000	2.87173929269577
chrII	4390001	4400000	3.06348749813242
chrII	4440001	4450000	2.94268459319103
chrII	4500001	4510000	1.0902096584552
chrII	4620001	4630000	1.64922268061011
chrII	4630001	4640000	5.81365442652529
chrII	4640001	4650000	5.70286666270567
chrII	4650001	4660000	4.21470027655858
chrII	4660001	4670000	3.53335900179395
chrII	4860001	4870000	3.41099185844834
chrII	4870001	4880000	1.86617689882521
chrII	5100001	5110000	4.30410988844783
chrII	5110001	5120000	5.08692125640802
chrII	5120001	5130000	6.02221655555238
chrII	5130001	5140000	4.70733683266108
chrII	5140001	5150000	2.84966873808657
chrII	5150001	5160000	1.64127984249608
chrII	5160001	5170000	6.5369520637961
chrII	5240001	5250000	3.10017285256535
chrII	5250001	5260000	3.00613922616799
chrII	5260001	5270000	4.07079530788661
chrII	5270001	5280000	3.14771866730254
chrII	5280001	5290000	1.9559747598088
chrII	5310001	5320000	2.7662450894438
chrII	5430001	5440000	1.08067988455644
chrII	5490001	5500000	1.56030047368657
chrII	5770001	5780000	2.11653419549748
chrII	5860001	5870000	1.18695120973894
chrII	5890001	5900000	2.25446590738819
chrII	5950001	5960000	2.13622208459777
chrII	5970001	5980000	3.53574950995033
chrII	5980001	5990000	2.80883774083506
chrII	5990001	6000000	4.9585182407972
chrII	6000001	6010000	4.69594171043045
chrII	6010001	6020000	3.67338734000699
chrII	6030001	6040000	4.98373078328537
chrII	6140001	6150000	2.8207451451718
chrII	6150001	6160000	2.90090301880157
chrII	6160001	6170000	7.20803237463346
chrII	6180001	6190000	1.27176463409079
chrII	6210001	6220000	5.28700732082217
chrII	6220001	6230000	2.4611873638079
chrII	6460001	6470000	2.04820893776361
chrII	6470001	6480000	3.40943849992074
chrII	6500001	6510000	5.14731702819929
chrII	6510001	6520000	1.48982219244878
chrII	6650001	6660000	3.40820538012906
chrII	6670001	6680000	2.83342761198811
chrII	6750001	6760000	3.07741672207694
chrII	6760001	6770000	2.67832910956605
chrII	6770001	6780000	1.83774473576814
chrII	7210001	7220000	2.69180241678986
chrII	7230001	7240000	2.92511400686729
chrII	7260001	7270000	1.79360299812968
chrII	7280001	7290000	2.07090469759009
chrII	7430001	7440000	3.00759436362374
chrII	7460001	7470000	5.30816037447518
chrII	7490001	7500000	5.55622168191802
chrII	7500001	7510000	5.42368502966188
chrII	7510001	7520000	4.04566121441023
chrII	7540001	7550000	1.56776180511005
chrII	7570001	7580000	1.01451959959102
chrII	7580001	7590000	6.47860172631678
chrII	7730001	7740000	5.47561250885652
chrII	7740001	7750000	4.86674920778129
chrII	7920001	7930000	3.34619768029477
chrII	7930001	7940000	2.5000223261014
chrII	7950001	7960000	2.14020660348386
chrII	7960001	7970000	1.44225314313675
chrII	7980001	7990000	3.04874818366088
chrII	7990001	8000000	5.60093565364784
chrII	8190001	8200000	3.68325286056965
chrII	8240001	8250000	2.69585313183528
chrII	8290001	8300000	5.64623941086054
chrII	8300001	8310000	1.92301556266665
chrII	8330001	8340000	2.60765276641571
chrII	8350001	8360000	1.6143881359058
chrII	8360001	8370000	2.97602419763176
chrII	8370001	8380000	3.03013692115373
chrII	8390001	8400000	1.38764425876731
chrII	8610001	8620000	1.99170958872263
chrII	8630001	8640000	1.2841408780501
chrII	8820001	8830000	1.00905223583207
chrII	8860001	8870000	1.55821446600601
chrII	8950001	8960000	1.72764116938681
chrII	9120001	9130000	2.47413436767395
chrII	9140001	9150000	3.36799505657272
chrII	9370001	9380000	1.78033122227998
chrII	9380001	9390000	1.97538548292376
chrII	9390001	9400000	1.37313467554075
chrII	9400001	9410000	4.07668159158278
chrII	9430001	9440000	5.93591139423155
chrII	9440001	9450000	5.12364636876737
chrII	9450001	9460000	2.00011697548606
chrII	9510001	9520000	2.64456955667086
chrII	9520001	9530000	0.846225042325383
chrII	9530001	9540000	4.69508772313969
chrII	9540001	9550000	3.98933653230114
chrII	9550001	9560000	2.35631920071902
chrII	9780001	9790000	1.37129501775559
chrII	9800001	9810000	2.77807551955551
chrII	9840001	9850000	2.2513988839589
chrII	9850001	9860000	3.40648695146913
chrII	9860001	9870000	5.4297488604599
chrII	9870001	9880000	2.39914481720307
chrII	9900001	9910000	3.35482369882137
chrII	9990001	10000000	3.38752728517845
chrII	10110001	10120000	1.77727777685962
chrII	10120001	10130000	2.62367939748454
chrII	10260001	10270000	1.87524364258191
chrII	10270001	10280000	4.02900975839889
chrII	10280001	10290000	3.51701088853653
chrII	10290001	10300000	2.41456614195586
chrII	10310001	10320000	0.874964944529827
chrII	10330001	10340000	2.92113416008902
chrII	10350001	10360000	1.41641519274595
chrII	10360001	10370000	1.06773343854882
chrII	10400001	10410000	3.1563458419364
chrII	10420001	10430000	1.85897339218758
chrII	10430001	10440000	2.56364415110725
chrII	10480001	10490000	3.86825450953436
chrII	10490001	10500000	4.79821278032401
chrII	10520001	10530000	3.91265677734586
chrII	10640001	10650000	6.49652117414451
chrII	10680001	10690000	1.27531558950707
chrII	10700001	10710000	2.8913109531717
chrII	10710001	10720000	3.38000894843449
chrII	10730001	10740000	3.23528073318486
chrII	10740001	10750000	4.26863781489259
chrII	10750001	10760000	7.28132265394774
chrII	10890001	10900000	2.61997339748118
chrII	10900001	10910000	7.11213028939886
chrII	10910001	10920000	2.42086872644924
chrII	10930001	10940000	1.02513221464798
chrII	11200001	11210000	2.07919797245504
chrII	11210001	11220000	3.82918065803647
chrII	11250001	11260000	3.0083591247485
chrII	11260001	11270000	2.26910505489412
chrII	11320001	11330000	5.24381510447842
chrII	11350001	11360000	2.41997858153439
chrII	11360001	11370000	2.45545715066111
chrII	11380001	11390000	1.6122147231185
chrII	11410001	11420000	1.34486991276149
chrII	11420001	11430000	3.41613402082581
chrII	11930001	11940000	2.49335205462896
chrII	12010001	12020000	2.91494337091878
chrII	12150001	12160000	2.06878662234469
chrII	12240001	12250000	2.73807383603925
chrII	12250001	12260000	4.46231420722591
chrII	12300001	12310000	2.5697533689116
chrII	12310001	12320000	4.3490934136292
chrII	12320001	12330000	5.83916991696266
chrII	12370001	12380000	1.75062398660506
chrII	12380001	12390000	4.11268616478135
chrII	12390001	12400000	3.74962650029887
chrII	12400001	12410000	6.92939115743576
chrII	12420001	12430000	3.07464754498037
chrII	12430001	12440000	6.08793229754308
chrII	12440001	12450000	4.69966730446372
chrII	12450001	12460000	3.11898990228094
chrII	12470001	12480000	7.45726572152197
chrII	12480001	12490000	1.46586197202025
chrII	12490001	12500000	5.35781491371099
chrII	12500001	12510000	5.0069427290276
chrII	12520001	12530000	3.18865461302465
chrII	12530001	12540000	6.1542414135845
chrII	12540001	12550000	3.37016536159622
chrII	12550001	12560000	1.44971447008471
chrII	12560001	12570000	7.00557187677599
chrII	12570001	12580000	2.99016513514982
chrII	12600001	12610000	4.49831830054506
chrII	12610001	12620000	1.95168864892892
chrII	12620001	12630000	3.42037582172866
chrII	12630001	12640000	1.17872063165285
chrII	12650001	12660000	4.34322359988827
chrII	12830001	12840000	3.13058852956782
chrII	12840001	12850000	7.61532034807535
chrII	12850001	12860000	2.3172113267746
chrII	12860001	12870000	3.53104486721731
chrII	12880001	12890000	3.50926006993299
chrII	12890001	12900000	5.26142185875489
chrII	12900001	12910000	3.22401895786644
chrII	12920001	12930000	6.48122987979841
chrII	12960001	12970000	1.97242101758676
chrII	13040001	13050000	2.46903079536498
chrII	13100001	13110000	2.53936565563847
chrII	13120001	13130000	3.27748829827976
chrII	13130001	13140000	5.77375733280499
chrII	13140001	13150000	6.73919180385387
chrII	13150001	13160000	3.32458693648462
chrII	13160001	13170000	1.69515773656197
chrII	13170001	13180000	3.27161103566974
chrII	13180001	13190000	2.70367046665771
chrII	13210001	13220000	5.32355790573335
chrII	13220001	13230000	3.65936158722061
chrII	13240001	13250000	3.96550616620337
chrII	13250001	13260000	6.81823948583552
chrII	13260001	13270000	5.31249260342425
chrII	13270001	13280000	2.62773073447091
chrII	13310001	13320000	1.45007057586958
chrII	13340001	13350000	3.16678561564601
chrII	13410001	13420000	3.62363005527601
chrII	13480001	13490000	3.02800859210125
chrII	13510001	13520000	5.65700099228439
chrII	13530001	13540000	2.67920472040047
chrII	13540001	13550000	3.36030935726351
chrII	13620001	13630000	2.08190155192172
chrII	13700001	13710000	7.85309920749982
chrII	13750001	13760000	2.72415119601363
chrII	13760001	13770000	6.02309190727019
chrII	13770001	13780000	7.25769941338791
chrII	13790001	13800000	2.42338706977017
chrII	13800001	13810000	3.40660982425545
chrII	13910001	13920000	2.4459071575475
chrII	13920001	13930000	2.99432434879422
chrII	13960001	13970000	3.63635471414924
chrII	13980001	13990000	6.29744419797248
chrII	13990001	14000000	4.7715649111023
chrII	14000001	14010000	2.50057997808229
chrII	14020001	14030000	5.27160624318056
chrII	14100001	14110000	2.95800224678926
chrII	14110001	14120000	4.12580724380236
chrII	14170001	14180000	1.47398970766065
chrII	14270001	14280000	1.55294757600612
chrII	14280001	14290000	4.10058265009699
chrII	14300001	14310000	1.75693776669684
chrII	14310001	14320000	2.18912913892069
chrII	14320001	14330000	7.96021075052068
chrII	14330001	14340000	9.04892871055783
chrII	14420001	14430000	1.12052046115301
chrII	14450001	14460000	1.35783718990421
chrII	14520001	14530000	1.20312052275539
chrII	14530001	14540000	2.69951749659553
chrII	14540001	14550000	2.97896216819794
chrII	14590001	14600000	1.0551026246237
chrII	14620001	14630000	1.23964378594414
chrII	14630001	14640000	4.58401798351736
chrII	14640001	14650000	1.39455689852239
chrII	14650001	14660000	6.63432573256045
chrII	14660001	14670000	5.66024615743448
chrII	14670001	14680000	1.81416706582625
chrII	14680001	14690000	1.73833868592141
chrII	14690001	14700000	0.899556947187964
chrII	14700001	14710000	3.66864557286643
chrII	14710001	14720000	8.06240308307779
chrII	14720001	14730000	3.67167026947315
chrII	14730001	14740000	2.56253185313765
chrII	14740001	14750000	1.45508080235616
chrII	14770001	14780000	2.24181754395943
chrII	14780001	14790000	4.22835367659739
chrII	14830001	14840000	1.86803556412021
chrII	14840001	14850000	5.37267339871426
chrII	14850001	14860000	3.14012644379139
chrII	14880001	14890000	2.74774757272642
chrII	14890001	14900000	4.20495374265709
chrII	14900001	14910000	3.32618621418295
chrII	14920001	14930000	4.64782178258852
chrII	14930001	14940000	4.61598259933806
chrII	14940001	14950000	4.51527311619483
chrII	14950001	14960000	3.8562220973467
chrII	14970001	14980000	2.44238471769834
chrII	14980001	14990000	1.76516853662717
chrII	15000001	15010000	2.26107888298303
chrII	15010001	15020000	2.71736336934044
chrII	15020001	15030000	2.83904739021963
chrII	15040001	15050000	1.52794799323802
chrII	15050001	15060000	5.48917078517935
chrII	15080001	15090000	3.7912496270086
chrII	15120001	15130000	1.92175059821089
chrII	15130001	15140000	4.94199304461151
chrII	15140001	15150000	6.57298123068993
chrII	15150001	15160000	4.29637498706111
chrII	15160001	15170000	4.25975068511272
chrII	15170001	15180000	3.11911843443013
chrII	15180001	15190000	7.63044939860686
chrII	15190001	15200000	2.09346441733081
chrII	15240001	15250000	2.23958510946424
chrIII	20001	30000	3.69804475815615
chrIII	30001	40000	3.51104900498216
chrIII	40001	50000	5.01235732991635
chrIII	50001	60000	4.29172140620222
chrIII	60001	70000	2.1909487463859
chrIII	100001	110000	1.44834778238413
chrIII	110001	120000	8.10385339242526
chrIII	120001	130000	3.2122208023487
chrIII	130001	140000	2.33393018925936
chrIII	150001	160000	1.43917376825531
chrIII	160001	170000	5.06596763387553
chrIII	200001	210000	3.75285627162716
chrIII	360001	370000	4.08420658711462
chrIII	370001	380000	2.97709670168086
chrIII	380001	390000	4.24549644546423
chrIII	390001	400000	2.61174302265846
chrIII	400001	410000	4.03486529802714
chrIII	420001	430000	4.13649122545957
chrIII	440001	450000	2.23276197477936
chrIII	450001	460000	5.79690511838586
chrIII	460001	470000	3.28021220892275
chrIII	500001	510000	2.94104694742734
chrIII	510001	520000	3.2884960990602
chrIII	520001	530000	1.12557613256387
chrIII	530001	540000	1.92471965209836
chrIII	540001	550000	3.7041207841833
chrIII	600001	610000	3.23679961821136
chrIII	610001	620000	2.15986558105508
chrIII	640001	650000	3.49012144802605
chrIII	650001	660000	4.52589879825891
chrIII	660001	670000	1.19942569054051
chrIII	670001	680000	4.9795653307358
chrIII	680001	690000	2.10353379186307
chrIII	690001	700000	4.50263739644886
chrIII	700001	710000	3.06169150535318
chrIII	710001	720000	4.75376338157111
chrIII	720001	730000	5.76538428058866
chrIII	730001	740000	4.01731992778373
chrIII	740001	750000	2.62789288458273
chrIII	750001	760000	2.23079162663786
chrIII	800001	810000	2.58758461394871
chrIII	810001	820000	1.83410097385379
chrIII	820001	830000	2.33858681111315
chrIII	910001	920000	2.82452856245889
chrIII	920001	930000	5.24675639681331
chrIII	930001	940000	4.68547972245464
chrIII	940001	950000	3.08604051103587
chrIII	950001	960000	1.62133250280241
chrIII	960001	970000	3.40127980579501
chrIII	970001	980000	4.41185047257687
chrIII	1020001	1030000	3.06642099307851
chrIII	1090001	1100000	6.86422450708716
chrIII	1100001	1110000	4.07327441704696
chrIII	1120001	1130000	5.99717784212897
chrIII	1240001	1250000	3.95953511557889
chrIII	1270001	1280000	3.52119448838443
chrIII	1280001	1290000	6.55194096181269
chrIII	1290001	1300000	6.13540828470769
chrIII	1300001	1310000	7.23451222351907
chrIII	1310001	1320000	5.08785241896884
chrIII	1320001	1330000	4.74940496792503
chrIII	1330001	1340000	4.90176988109217
chrIII	1340001	1350000	2.42739469824103
chrIII	1350001	1360000	2.75307220131319
chrIII	1360001	1370000	8.13700590738868
chrIII	1370001	1380000	2.31314104668177
chrIII	1380001	1390000	5.15165136368573
chrIII	1390001	1400000	2.48560256035637
chrIII	1400001	1410000	1.83383792720448
chrIII	1480001	1490000	3.87315002040161
chrIII	1640001	1650000	5.1248075224995
chrIII	1650001	1660000	7.12027639752793
chrIII	1660001	1670000	3.82693769707891
chrIII	1680001	1690000	2.67910256810715
chrIII	1690001	1700000	4.33715128162203
chrIII	1700001	1710000	4.07203698783994
chrIII	1710001	1720000	8.7504692691976
chrIII	1720001	1730000	7.95757261267414
chrIII	1730001	1740000	4.92639189088032
chrIII	1750001	1760000	3.75598696460113
chrIII	1800001	1810000	5.55003978352513
chrIII	1840001	1850000	4.67927276707626
chrIII	1880001	1890000	7.48383053844045
chrIII	1890001	1900000	4.64875691844276
chrIII	1960001	1970000	5.44464537988739
chrIII	1970001	1980000	7.8446899535003
chrIII	1980001	1990000	3.63561615626031
chrIII	1990001	2000000	5.94362324330973
chrIII	2000001	2010000	7.29348436227627
chrIII	2010001	2020000	2.69903993850732
chrIII	2020001	2030000	3.83160355147017
chrIII	2030001	2040000	2.07297564315356
chrIII	2040001	2050000	2.58838525581037
chrIII	2050001	2060000	5.60896665989296
chrIII	2080001	2090000	5.13199122994469
chrIII	2110001	2120000	5.83160915807183
chrIII	2210001	2220000	5.28705991209744
chrIII	2220001	2230000	4.88330219658458
chrIII	2240001	2250000	7.24662240869201
chrIII	2250001	2260000	3.08705353738706
chrIII	2260001	2270000	2.98357112925089
chrIII	2280001	2290000	2.72170999124183
chrIII	2360001	2370000	3.01198468372905
chrIII	2370001	2380000	6.83195059729551
chrIII	2410001	2420000	1.48965619890594
chrIII	2430001	2440000	7.44551435265319
chrIII	2440001	2450000	3.12766984740382
chrIII	2450001	2460000	5.29425422020907
chrIII	2460001	2470000	3.07060006441925
chrIII	2510001	2520000	4.27815483780597
chrIII	2590001	2600000	2.63367802093617
chrIII	2600001	2610000	2.08071275787397
chrIII	2640001	2650000	3.20514667523647
chrIII	2660001	2670000	5.18317087482852
chrIII	2670001	2680000	4.13808637364912
chrIII	2680001	2690000	4.17322040590187
chrIII	2690001	2700000	1.53933602980125
chrIII	2710001	2720000	3.11696140320407
chrIII	2740001	2750000	3.85863575835465
chrIII	2820001	2830000	3.29731298591726
chrIII	2840001	2850000	6.02329754019021
chrIII	2850001	2860000	3.56279268662434
chrIII	2860001	2870000	3.48294140752047
chrIII	2870001	2880000	2.00494904588108
chrIII	2880001	2890000	3.29283117530772
chrIII	2890001	2900000	5.42861476468748
chrIII	2910001	2920000	4.12005432973289
chrIII	2920001	2930000	2.9550490677406
chrIII	2930001	2940000	5.21721212488416
chrIII	3000001	3010000	1.86808289886435
chrIII	3010001	3020000	3.5914197979169
chrIII	3020001	3030000	1.288631427509
chrIII	3040001	3050000	2.71114741882333
chrIII	3050001	3060000	4.58442485140151
chrIII	3140001	3150000	3.72463498123295
chrIII	3160001	3170000	6.82384927309994
chrIII	3180001	3190000	3.67771160899428
chrIII	3190001	3200000	3.19366271028688
chrIII	3210001	3220000	5.64271157806536
chrIII	3230001	3240000	1.84014176608527
chrIII	3250001	3260000	2.28022101317524
chrIII	3260001	3270000	2.70642535847707
chrIII	3340001	3350000	0.95409117750606
chrIII	3360001	3370000	1.90790297709432
chrIII	3370001	3380000	2.25886605640322
chrIII	3380001	3390000	2.1168906009879
chrIII	3440001	3450000	2.39219726189709
chrIII	3450001	3460000	1.92039539644414
chrIII	3480001	3490000	1.76131929690197
chrIII	3510001	3520000	1.4551910592902
chrIII	3520001	3530000	2.93518044253682
chrIII	3540001	3550000	2.56529415341987
chrIII	3550001	3560000	4.14199660355763
chrIII	3560001	3570000	3.8847140344453
chrIII	3570001	3580000	2.19140382134295
chrIII	3740001	3750000	1.2520459265088
chrIII	3770001	3780000	2.44297157779554
chrIII	3890001	3900000	3.40207538387
chrIII	3940001	3950000	3.82923149373612
chrIII	3960001	3970000	3.25507319770933
chrIII	3980001	3990000	3.5599770857194
chrIII	4030001	4040000	2.53585900198735
chrIII	4060001	4070000	2.33140894666117
chrIII	4070001	4080000	2.04446696341055
chrIII	4100001	4110000	1.25997216976652
chrIII	4120001	4130000	4.00237914534244
chrIII	4130001	4140000	2.09361227059723
chrIII	4140001	4150000	2.5155224794988
chrIII	4620001	4630000	3.39708544536322
chrIII	4630001	4640000	2.40690813703901
chrIII	4680001	4690000	1.94260756366251
chrIII	4820001	4830000	1.21506843303542
chrIII	5050001	5060000	2.79959662979004
chrIII	5090001	5100000	1.4631177467144
chrIII	5330001	5340000	1.78799010385743
chrIII	5410001	5420000	3.06943963387932
chrIII	5750001	5760000	1.97621904070741
chrIII	5760001	5770000	1.21698368197185
chrIII	5770001	5780000	4.65841997878625
chrIII	6510001	6520000	0.887909943704265
chrIII	6520001	6530000	1.97596546359896
chrIII	6640001	6650000	2.70786420018075
chrIII	6650001	6660000	2.17100969516712
chrIII	6660001	6670000	4.69328326516211
chrIII	6670001	6680000	4.69129702560444
chrIII	6680001	6690000	5.57581613125242
chrIII	6690001	6700000	3.84917260346036
chrIII	6750001	6760000	3.62334630378828
chrIII	6760001	6770000	3.3000937998095
chrIII	6770001	6780000	1.84384093848398
chrIII	6780001	6790000	7.40373496537113
chrIII	6910001	6920000	1.64028937895079
chrIII	6990001	7000000	2.52341046183271
chrIII	7010001	7020000	3.39765616986944
chrIII	7040001	7050000	2.66314611331789
chrIII	7050001	7060000	2.46212625989868
chrIII	7090001	7100000	1.75356975066974
chrIII	7250001	7260000	2.93721796098416
chrIII	7260001	7270000	1.60717719758833
chrIII	7400001	7410000	6.57220059592109
chrIII	7460001	7470000	2.30352132722197
chrIII	7470001	7480000	2.50128979743892
chrIII	7480001	7490000	1.55977044328967
chrIII	7590001	7600000	3.31303019020996
chrIII	7600001	7610000	4.17031507690408
chrIII	7610001	7620000	3.79037757741562
chrIII	7620001	7630000	3.65963947897812
chrIII	7630001	7640000	4.04925090673859
chrIII	7660001	7670000	1.79377644255862
chrIII	7670001	7680000	3.17590595591131
chrIII	7810001	7820000	2.84518024184754
chrIII	7840001	7850000	4.15778029000745
chrIII	7870001	7880000	3.56747464480716
chrIII	8180001	8190000	3.56341729481432
chrIII	8190001	8200000	4.19375363013637
chrIII	8200001	8210000	3.86296050833738
chrIII	8530001	8540000	2.19356056777219
chrIII	8540001	8550000	2.82390735290389
chrIII	8550001	8560000	1.03306837515964
chrIII	8560001	8570000	2.21932595349992
chrIII	8570001	8580000	1.39050711580404
chrIII	8580001	8590000	2.35869684181374
chrIII	8590001	8600000	2.62209879802008
chrIII	8850001	8860000	6.17622078201875
chrIII	8860001	8870000	2.90694462697957
chrIII	8940001	8950000	3.05367126487482
chrIII	9020001	9030000	1.70608896349495
chrIII	9150001	9160000	2.30566894631136
chrIII	9160001	9170000	1.89102877989141
chrIII	9180001	9190000	2.13818404321026
chrIII	9190001	9200000	3.17034882450414
chrIII	9200001	9210000	2.40758243718201
chrIII	9210001	9220000	3.41185155099437
chrIII	9260001	9270000	1.57641383564183
chrIII	9290001	9300000	5.0795093441429
chrIII	9300001	9310000	1.21861813822929
chrIII	9310001	9320000	2.85296075400371
chrIII	9330001	9340000	1.75702993210104
chrIII	9370001	9380000	4.00434100631929
chrIII	9650001	9660000	2.68085511797596
chrIII	9730001	9740000	2.4781545930466
chrIII	9860001	9870000	3.71403132363904
chrIII	9870001	9880000	5.02320310943531
chrIII	9880001	9890000	3.81405345293877
chrIII	9900001	9910000	1.50060030779203
chrIII	9910001	9920000	2.03104489029365
chrIII	9920001	9930000	3.05411592552978
chrIII	10000001	10010000	2.97458412484167
chrIII	10010001	10020000	3.51451979367745
chrIII	10020001	10030000	5.54508045744054
chrIII	10030001	10040000	3.29620488384243
chrIII	10040001	10050000	2.32469412332133
chrIII	10100001	10110000	2.58973965198741
chrIII	10140001	10150000	3.36927588605508
chrIII	10150001	10160000	2.00865565439666
chrIII	10160001	10170000	3.18075090280609
chrIII	10170001	10180000	3.57820088447668
chrIII	10180001	10190000	6.25527386598684
chrIII	10220001	10230000	2.54637938459291
chrIII	10230001	10240000	5.7846101221581
chrIII	10240001	10250000	3.77398212378155
chrIII	10300001	10310000	3.05746624018964
chrIII	10480001	10490000	3.00386349797555
chrIII	10510001	10520000	1.62246180807486
chrIII	10690001	10700000	1.75076258146358
chrIII	10790001	10800000	1.64412960050531
chrIII	10960001	10970000	7.9331432537365
chrIII	10970001	10980000	4.89644020216642
chrIII	10980001	10990000	5.2431618323125
chrIII	10990001	11000000	4.20535259311384
chrIII	11000001	11010000	5.64551962696617
chrIII	11010001	11020000	3.00559524684567
chrIII	11170001	11180000	2.01075765994424
chrIII	11190001	11200000	3.98796997881832
chrIII	11200001	11210000	6.74715565833306
chrIII	11290001	11300000	1.76401701460113
chrIII	11330001	11340000	1.60265871922342
chrIII	11360001	11370000	1.75836289949119
chrIII	11380001	11390000	5.03571312774302
chrIII	11390001	11400000	6.91726741487921
chrIII	11400001	11410000	6.62133813082618
chrIII	11410001	11420000	2.39862857698917
chrIII	11420001	11430000	5.55725924920003
chrIII	11430001	11440000	6.33759454923873
chrIII	11520001	11530000	2.088101978425
chrIII	11540001	11550000	5.20716857513495
chrIII	11590001	11600000	8.33911638114635
chrIII	11600001	11610000	2.12688533754697
chrIII	11610001	11620000	2.26927655803844
chrIII	11620001	11630000	5.24205251712234
chrIII	11630001	11640000	2.518947541422
chrIII	11640001	11650000	3.39360056513357
chrIII	11720001	11730000	3.79173860724248
chrIII	11730001	11740000	4.17805019551952
chrIII	11750001	11760000	3.33766619267306
chrIII	11760001	11770000	2.94380969422184
chrIII	11780001	11790000	1.65706912675444
chrIII	11790001	11800000	2.97682975175412
chrIII	11800001	11810000	5.27523929499181
chrIII	11970001	11980000	6.02297404045346
chrIII	12020001	12030000	1.85067721692426
chrIII	12030001	12040000	4.28716731103575
chrIII	12120001	12130000	2.2559725463862
chrIII	12180001	12190000	6.12668917374397
chrIII	12190001	12200000	2.6148691162762
chrIII	12200001	12210000	3.75195205159226
chrIII	12230001	12240000	4.13344653427855
chrIII	12300001	12310000	2.97696266460198
chrIII	12310001	12320000	3.7502058140859
chrIII	12340001	12350000	2.89671775348333
chrIII	12350001	12360000	3.99458373671656
chrIII	12390001	12400000	2.52748773042203
chrIII	12430001	12440000	1.8256890848604
chrIII	12460001	12470000	2.62984393835333
chrIII	12470001	12480000	2.04372613851523
chrIII	12480001	12490000	4.06775292395125
chrIII	12500001	12510000	4.09690358541234
chrIII	12750001	12760000	8.5911066300114
chrIII	12760001	12770000	8.61947314884583
chrIII	12770001	12780000	7.3708839130939
chrIII	12780001	12790000	7.40558326524677
chrIII	12790001	12800000	4.46650715968122
chrIII	12800001	12810000	1.19778259157282
chrIII	12820001	12830000	1.20913538748404
chrIII	12850001	12860000	7.80094889837688
chrIII	12860001	12870000	1.63031683052588
chrIII	12940001	12950000	3.47702676919082
chrIII	12950001	12960000	4.39716967937228
chrIII	12960001	12970000	2.74270256493902
chrIII	12980001	12990000	4.78092176891797
chrIII	12990001	13000000	6.54814279555149
chrIII	13000001	13010000	2.49554517652242
chrIII	13010001	13020000	5.84982717011242
chrIII	13020001	13030000	3.05878473261551
chrIII	13030001	13040000	4.97242915405706
chrIII	13040001	13050000	2.03715811966143
chrIII	13050001	13060000	3.3128889955912
chrIII	13090001	13100000	1.96028256400455
chrIII	13140001	13150000	2.74352649703299
chrIII	13160001	13170000	3.52176336776385
chrIII	13170001	13180000	3.32425984391634
chrIII	13190001	13200000	2.76027146228316
chrIII	13200001	13210000	3.54517329024818
chrIII	13210001	13220000	3.23852373845853
chrIII	13230001	13240000	6.57658675704413
chrIII	13240001	13250000	5.51032884482342
chrIII	13490001	13500000	1.33722134930254
chrIII	13500001	13510000	1.47280745649218
chrIII	13550001	13560000	2.42226231142078
chrIII	13570001	13580000	3.68861790224229
chrIII	13580001	13590000	4.04007946677009
chrIII	13590001	13600000	8.13182661805175
chrIII	13600001	13610000	0.912132310879796
chrIII	13740001	13750000	5.50792914488458
chrIII	13770001	13780000	1.68010028963661
chrIII	13780001	13783801	5.33519797827049
chrIV	60001	70000	7.15883943539101
chrIV	70001	80000	4.49865338730519
chrIV	110001	120000	2.5462548139926
chrIV	160001	170000	2.79283348764427
chrIV	270001	280000	0.781169008313747
chrIV	280001	290000	2.02417252792693
chrIV	300001	310000	2.99273775260802
chrIV	310001	320000	1.67452986887736
chrIV	320001	330000	3.85284003817743
chrIV	450001	460000	7.01817268900998
chrIV	460001	470000	7.34380364263929
chrIV	470001	480000	5.99337090903864
chrIV	480001	490000	1.52322604492438
chrIV	500001	510000	2.60738179606529
chrIV	520001	530000	1.24028754342074
chrIV	530001	540000	6.70895679585346
chrIV	540001	550000	2.59578081371779
chrIV	580001	590000	3.0419342533936
chrIV	590001	600000	5.70088833568297
chrIV	600001	610000	2.04898473582966
chrIV	610001	620000	1.88220919038001
chrIV	620001	630000	1.14795513180188
chrIV	640001	650000	3.08068100721861
chrIV	680001	690000	0.977248592671073
chrIV	690001	700000	7.85720059097064
chrIV	700001	710000	0.889981863962033
chrIV	710001	720000	2.59322453576358
chrIV	740001	750000	1.31758344503438
chrIV	860001	870000	1.62969282263516
chrIV	880001	890000	4.76436403822617
chrIV	890001	900000	6.06676819030899
chrIV	910001	920000	6.24421269135673
chrIV	920001	930000	4.88398552576542
chrIV	930001	940000	2.43978294548853
chrIV	940001	950000	2.78192401050075
chrIV	980001	990000	3.66569709763066
chrIV	1020001	1030000	0.935251365141477
chrIV	1050001	1060000	1.59354832335622
chrIV	1060001	1070000	2.99124332641231
chrIV	1110001	1120000	2.5176632737397
chrIV	1120001	1130000	8.5529467938212
chrIV	1130001	1140000	5.98527521736851
chrIV	1140001	1150000	2.21023585476987
chrIV	1190001	1200000	2.04751675128481
chrIV	1210001	1220000	3.17819493238694
chrIV	1220001	1230000	8.77338841952386
chrIV	1230001	1240000	3.28928370188242
chrIV	1240001	1250000	4.00869123261409
chrIV	1250001	1260000	2.84027073361338
chrIV	1260001	1270000	2.45106134839707
chrIV	1300001	1310000	1.83466757166619
chrIV	1330001	1340000	3.27916796784959
chrIV	1350001	1360000	4.17102985318703
chrIV	1370001	1380000	1.85282519776827
chrIV	1420001	1430000	5.04466768849067
chrIV	1430001	1440000	4.21541207384422
chrIV	1440001	1450000	2.39072170472606
chrIV	1450001	1460000	0.842816459271707
chrIV	1460001	1470000	2.19169704282394
chrIV	1480001	1490000	5.41942944603178
chrIV	1510001	1520000	4.23487456904202
chrIV	1520001	1530000	1.37294621057849
chrIV	1530001	1540000	4.9817390996469
chrIV	1540001	1550000	3.80353159242466
chrIV	1550001	1560000	3.01512042750737
chrIV	1560001	1570000	5.01646101064822
chrIV	1610001	1620000	4.32431019458684
chrIV	1620001	1630000	2.10881799238942
chrIV	1670001	1680000	2.72584321013152
chrIV	1680001	1690000	1.5918224564663
chrIV	1690001	1700000	2.82624009971073
chrIV	1720001	1730000	3.5587022657317
chrIV	1780001	1790000	6.17893873036243
chrIV	1790001	1800000	2.75367935359588
chrIV	1810001	1820000	4.21222639013021
chrIV	1820001	1830000	4.71132092499156
chrIV	1830001	1840000	2.02827068365743
chrIV	1930001	1940000	3.02464564796223
chrIV	1940001	1950000	4.51729834391405
chrIV	2000001	2010000	4.62980335312622
chrIV	2020001	2030000	2.98986160799446
chrIV	2030001	2040000	6.5001218301582
chrIV	2050001	2060000	1.71550773640766
chrIV	2060001	2070000	2.8344814968166
chrIV	2080001	2090000	2.30007239156827
chrIV	2090001	2100000	4.47755184914523
chrIV	2100001	2110000	4.96143889361046
chrIV	2110001	2120000	4.45583826893547
chrIV	2120001	2130000	3.06656791561951
chrIV	2150001	2160000	3.25076144270479
chrIV	2160001	2170000	5.89430849077131
chrIV	2230001	2240000	2.52024949911627
chrIV	2240001	2250000	6.31319217341668
chrIV	2260001	2270000	2.93620077755978
chrIV	2270001	2280000	2.63907954002843
chrIV	2320001	2330000	2.9309058786787
chrIV	2330001	2340000	3.12294849761244
chrIV	2440001	2450000	4.93739474450191
chrIV	2450001	2460000	4.60149722335039
chrIV	2460001	2470000	3.8074890154382
chrIV	2470001	2480000	3.65786272036071
chrIV	2480001	2490000	3.84412563660857
chrIV	2490001	2500000	2.49939408781032
chrIV	2500001	2510000	3.33401178828386
chrIV	2510001	2520000	5.53684751749026
chrIV	2520001	2530000	6.31787380066951
chrIV	2530001	2540000	5.11518106128034
chrIV	2550001	2560000	7.36577368891072
chrIV	2560001	2570000	8.03040639164216
chrIV	2570001	2580000	5.5855227637527
chrIV	2580001	2590000	7.00668273784301
chrIV	2590001	2600000	3.23803856292372
chrIV	2690001	2700000	2.71723406676257
chrIV	2750001	2760000	4.81279333679975
chrIV	2810001	2820000	5.96166675251371
chrIV	2820001	2830000	3.75829773993724
chrIV	2830001	2840000	6.46702860753804
chrIV	2840001	2850000	2.54143832118978
chrIV	2850001	2860000	4.25858089958764
chrIV	2860001	2870000	4.59785024367206
chrIV	2900001	2910000	4.1099823636495
chrIV	2940001	2950000	5.06445771774884
chrIV	2950001	2960000	3.99917332817805
chrIV	2960001	2970000	5.78165588771172
chrIV	3070001	3080000	2.79722119764775
chrIV	3080001	3090000	2.33657763660269
chrIV	3170001	3180000	3.3751617472532
chrIV	3180001	3190000	4.32498330188611
chrIV	3190001	3200000	6.1956332064144
chrIV	3200001	3210000	3.68292331819608
chrIV	3280001	3290000	3.12309610185963
chrIV	3300001	3310000	3.01458455354494
chrIV	3310001	3320000	1.95857747016339
chrIV	3320001	3330000	2.22401862067769
chrIV	3420001	3430000	5.75680907010335
chrIV	3430001	3440000	5.72435394512258
chrIV	3440001	3450000	8.34439975613316
chrIV	3450001	3460000	3.06609968261098
chrIV	3460001	3470000	4.72852300666875
chrIV	3470001	3480000	4.87419197716973
chrIV	3480001	3490000	3.79616148840439
chrIV	3490001	3500000	2.88993536526011
chrIV	3550001	3560000	2.57400094974462
chrIV	3560001	3570000	3.47837763681898
chrIV	3600001	3610000	2.18039767014408
chrIV	3610001	3620000	3.92565851996966
chrIV	3620001	3630000	6.13219179791309
chrIV	3660001	3670000	2.30333424794235
chrIV	3880001	3890000	1.85171221525147
chrIV	3900001	3910000	1.97238247977678
chrIV	3910001	3920000	3.53139300044033
chrIV	3920001	3930000	3.71982030972801
chrIV	3930001	3940000	3.32065891892735
chrIV	3940001	3950000	3.22412923778987
chrIV	3950001	3960000	3.38359280071015
chrIV	3960001	3970000	1.39289931100119
chrIV	3970001	3980000	4.19778634478769
chrIV	3990001	4000000	1.98270108702229
chrIV	4000001	4010000	1.71035804033929
chrIV	4100001	4110000	4.43874056393723
chrIV	4110001	4120000	5.1882277719436
chrIV	4120001	4130000	1.40504940386559
chrIV	4130001	4140000	6.48705583657168
chrIV	4140001	4150000	3.26635405502363
chrIV	4160001	4170000	2.65018536168501
chrIV	4200001	4210000	1.20228073067473
chrIV	4220001	4230000	2.58420465325052
chrIV	4230001	4240000	1.10712456137172
chrIV	4290001	4300000	2.46551849179147
chrIV	4300001	4310000	1.97987482092702
chrIV	4330001	4340000	3.93434881333049
chrIV	4370001	4380000	3.07308143017378
chrIV	4420001	4430000	3.5316449233973
chrIV	4500001	4510000	1.83315145047387
chrIV	4580001	4590000	1.76250832916228
chrIV	4610001	4620000	2.7225350410835
chrIV	4620001	4630000	2.06127178345091
chrIV	4820001	4830000	0.905172860540508
chrIV	4830001	4840000	4.38709696456254
chrIV	4840001	4850000	2.6708195507416
chrIV	4850001	4860000	3.57746344409483
chrIV	4860001	4870000	2.88194180306284
chrIV	4870001	4880000	2.75507265506147
chrIV	4890001	4900000	2.90732301485865
chrIV	4900001	4910000	3.24600389174774
chrIV	4910001	4920000	8.47538097381844
chrIV	4920001	4930000	7.07161201474875
chrIV	4930001	4940000	3.38281136575085
chrIV	4940001	4950000	5.88763517282216
chrIV	4950001	4960000	6.9387383091367
chrIV	4960001	4970000	4.85109334412568
chrIV	4970001	4980000	2.6880856712194
chrIV	4980001	4990000	4.30011897270595
chrIV	4990001	5000000	1.71261961221042
chrIV	5000001	5010000	2.6293746227815
chrIV	5010001	5020000	3.7082139001295
chrIV	5020001	5030000	3.16311876868215
chrIV	5030001	5040000	6.2239255805589
chrIV	5040001	5050000	5.51856834687764
chrIV	5050001	5060000	3.85847097127089
chrIV	5110001	5120000	5.6294503336553
chrIV	5120001	5130000	3.67167564152055
chrIV	5140001	5150000	4.70954520759708
chrIV	5190001	5200000	4.10687098175758
chrIV	5200001	5210000	4.28796024304159
chrIV	5220001	5230000	6.72542865762424
chrIV	5230001	5240000	2.38126794022046
chrIV	5240001	5250000	4.86840108741232
chrIV	5250001	5260000	6.67032786030895
chrIV	5270001	5280000	6.45278143061363
chrIV	5280001	5290000	5.21134281220677
chrIV	5290001	5300000	3.67068625689399
chrIV	5300001	5310000	4.01867564938016
chrIV	5310001	5320000	1.06158269091098
chrIV	5320001	5330000	3.93326782189468
chrIV	5340001	5350000	3.06078513060836
chrIV	5400001	5410000	2.92298730200112
chrIV	5430001	5440000	2.93036454353845
chrIV	5440001	5450000	4.41277584496952
chrIV	5450001	5460000	5.83787907208225
chrIV	5460001	5470000	3.16910140923043
chrIV	5560001	5570000	2.19587212194744
chrIV	5610001	5620000	2.94384763020629
chrIV	5620001	5630000	4.84811180623388
chrIV	5630001	5640000	3.5252978554975
chrIV	5640001	5650000	3.24654179289684
chrIV	5670001	5680000	3.34804876109296
chrIV	5680001	5690000	2.2535328176104
chrIV	5710001	5720000	3.93569980837031
chrIV	5720001	5730000	3.10419282972677
chrIV	5780001	5790000	3.24993814902418
chrIV	5860001	5870000	5.47868111850909
chrIV	5870001	5880000	4.42011362827207
chrIV	5880001	5890000	7.83634288883373
chrIV	5890001	5900000	5.00132452806272
chrIV	5900001	5910000	4.98359636025397
chrIV	5910001	5920000	4.29084621357231
chrIV	5920001	5930000	3.76480809099959
chrIV	5990001	6000000	2.70086546917588
chrIV	6000001	6010000	3.83859387521993
chrIV	6020001	6030000	1.56950774280308
chrIV	6030001	6040000	2.82206454661312
chrIV	6060001	6070000	1.3947698133892
chrIV	6160001	6170000	1.88232763797203
chrIV	6170001	6180000	3.35867923060167
chrIV	6180001	6190000	4.1571327778479
chrIV	6190001	6200000	5.13581110720687
chrIV	6230001	6240000	1.62174553349374
chrIV	6260001	6270000	3.90732041158298
chrIV	6300001	6310000	1.89295483901018
chrIV	6380001	6390000	2.75135885110692
chrIV	6400001	6410000	2.91962188557873
chrIV	6430001	6440000	0.805945790369202
chrIV	6440001	6450000	2.00786950881146
chrIV	6450001	6460000	6.5087258380457
chrIV	6460001	6470000	3.89580178292951
chrIV	6480001	6490000	2.46973989278642
chrIV	6490001	6500000	1.44753814455929
chrIV	6500001	6510000	1.19148352623841
chrIV	6510001	6520000	2.00559382124721
chrIV	6530001	6540000	4.82415544118411
chrIV	6650001	6660000	1.90311326294516
chrIV	6670001	6680000	6.60242919978277
chrIV	6680001	6690000	8.40115200577611
chrIV	6700001	6710000	3.35575459456449
chrIV	6820001	6830000	1.35078263242011
chrIV	6850001	6860000	1.72489549137445
chrIV	6860001	6870000	4.20524258456666
chrIV	6870001	6880000	3.38270027988778
chrIV	6960001	6970000	3.14496443831313
chrIV	7000001	7010000	2.12312792606552
chrIV	7070001	7080000	4.44316762817103
chrIV	7190001	7200000	4.17669697091502
chrIV	7200001	7210000	3.74251044345053
chrIV	7260001	7270000	2.12728180647904
chrIV	7270001	7280000	3.48725807963525
chrIV	7290001	7300000	1.56915524959518
chrIV	7300001	7310000	5.83835982757453
chrIV	7330001	7340000	3.15199032860711
chrIV	7410001	7420000	3.13187779671436
chrIV	7430001	7440000	1.4438809830769
chrIV	7440001	7450000	1.66681554366991
chrIV	7600001	7610000	4.34891664713594
chrIV	7610001	7620000	3.352620144521
chrIV	7620001	7630000	2.38562163006657
chrIV	7660001	7670000	2.18220323084488
chrIV	7670001	7680000	1.2109414791637
chrIV	7690001	7700000	1.94587382843893
chrIV	7750001	7760000	1.46931783235396
chrIV	7860001	7870000	2.5077893150807
chrIV	7870001	7880000	2.32785658226211
chrIV	7880001	7890000	1.7800007574205
chrIV	8210001	8220000	2.11209306033616
chrIV	8260001	8270000	4.47406698177834
chrIV	8300001	8310000	2.81147886437705
chrIV	8310001	8320000	3.01840964673505
chrIV	8350001	8360000	1.79447100425413
chrIV	8460001	8470000	3.29569200825726
chrIV	8540001	8550000	1.55477246366165
chrIV	8550001	8560000	5.05559312260291
chrIV	8560001	8570000	5.26054766971507
chrIV	8570001	8580000	4.67850970323474
chrIV	8580001	8590000	1.46676755836427
chrIV	8590001	8600000	2.26482340593291
chrIV	8610001	8620000	2.13177018574539
chrIV	8710001	8720000	2.40965928492395
chrIV	8770001	8780000	1.85594150058549
chrIV	8960001	8970000	0.13013844400194
chrIV	9030001	9040000	5.20599141773831
chrIV	9040001	9050000	2.53087204841114
chrIV	9050001	9060000	5.39643466360306
chrIV	9130001	9140000	1.33010389415596
chrIV	9150001	9160000	2.3957899670859
chrIV	9160001	9170000	2.93304656215282
chrIV	9170001	9180000	2.26345684103111
chrIV	9180001	9190000	3.43987500606716
chrIV	9240001	9250000	2.94720259147042
chrIV	9280001	9290000	2.79832026413698
chrIV	9290001	9300000	4.97907566175402
chrIV	9300001	9310000	3.42556669898353
chrIV	9410001	9420000	1.46711222846903
chrIV	9420001	9430000	2.43461966037575
chrIV	9470001	9480000	1.41751727716521
chrIV	9480001	9490000	2.42664664166437
chrIV	9490001	9500000	2.97585920024219
chrIV	9540001	9550000	1.91913632816839
chrIV	9550001	9560000	4.46315114247525
chrIV	9560001	9570000	3.02682295394199
chrIV	9570001	9580000	6.16912811665179
chrIV	9580001	9590000	2.88760369565485
chrIV	9830001	9840000	2.86802869173014
chrIV	9910001	9920000	1.31223193495107
chrIV	9960001	9970000	3.53051755188748
chrIV	10010001	10020000	4.13309241042709
chrIV	10020001	10030000	3.51489206794569
chrIV	10070001	10080000	1.68245883244387
chrIV	10310001	10320000	2.62611782013387
chrIV	10350001	10360000	2.13724600825665
chrIV	10440001	10450000	2.35549436621824
chrIV	10450001	10460000	1.10218916505857
chrIV	10470001	10480000	2.30141239552062
chrIV	10510001	10520000	1.2752472288629
chrIV	10520001	10530000	3.90778740879087
chrIV	10530001	10540000	6.79711995455646
chrIV	10580001	10590000	4.50257757020587
chrIV	10590001	10600000	4.4727814461123
chrIV	10940001	10950000	2.38992851692374
chrIV	10950001	10960000	4.43024902123343
chrIV	10960001	10970000	6.24478637636558
chrIV	11220001	11230000	4.37449976743113
chrIV	11230001	11240000	1.75725878775335
chrIV	11240001	11250000	2.24563774026501
chrIV	11260001	11270000	5.66836036138551
chrIV	11270001	11280000	1.50117972706426
chrIV	11420001	11430000	2.7729150394965
chrIV	11750001	11760000	3.28830749493213
chrIV	11760001	11770000	4.0509130136828
chrIV	11780001	11790000	2.6907494437539
chrIV	11790001	11800000	1.11523228286972
chrIV	11880001	11890000	1.35406994741907
chrIV	11900001	11910000	2.80945911081977
chrIV	11930001	11940000	2.28976129515612
chrIV	11940001	11950000	2.46477422086236
chrIV	12220001	12230000	3.55776932605991
chrIV	12230001	12240000	2.08722775851961
chrIV	12310001	12320000	2.40468809668794
chrIV	12340001	12350000	2.84661429019518
chrIV	12410001	12420000	2.95066833907886
chrIV	12480001	12490000	2.24943079119603
chrIV	12510001	12520000	7.59085669143605
chrIV	12520001	12530000	6.42520060518921
chrIV	12570001	12580000	2.6939190290911
chrIV	12660001	12670000	2.66896461686164
chrIV	12730001	12740000	3.55333888978616
chrIV	12740001	12750000	2.14537400647228
chrIV	12750001	12760000	2.885122600263
chrIV	12760001	12770000	1.36478207219365
chrIV	12770001	12780000	1.99608820872678
chrIV	12870001	12880000	2.89747096006772
chrIV	12880001	12890000	1.62344522973694
chrIV	12890001	12900000	1.82677638201766
chrIV	12900001	12910000	1.51874652945647
chrIV	12910001	12920000	1.92742047493863
chrIV	12920001	12930000	4.87705030683077
chrIV	12940001	12950000	4.67065588737561
chrIV	12950001	12960000	3.73809705651876
chrIV	12960001	12970000	2.43359601146524
chrIV	12980001	12990000	1.57979963484069
chrIV	13060001	13070000	4.68550625751704
chrIV	13070001	13080000	3.85315181368879
chrIV	13310001	13320000	4.82975421054544
chrIV	13320001	13330000	1.6473759989046
chrIV	13330001	13340000	1.23735361496759
chrIV	13470001	13480000	6.0330129124369
chrIV	13550001	13560000	3.51322888179371
chrIV	13560001	13570000	2.9364401191882
chrIV	13570001	13580000	3.66744591114867
chrIV	13580001	13590000	6.9477787632519
chrIV	13590001	13600000	4.63707524518634
chrIV	13610001	13620000	7.75429025075863
chrIV	13620001	13630000	6.7853873104164
chrIV	13630001	13640000	3.92554896099884
chrIV	13640001	13650000	2.38786445496978
chrIV	13650001	13660000	3.31127238970509
chrIV	13660001	13670000	2.73749021971354
chrIV	13670001	13680000	2.40574968612401
chrIV	13680001	13690000	6.88531444621591
chrIV	13730001	13740000	4.27220653160737
chrIV	13740001	13750000	5.00879726221491
chrIV	13800001	13810000	3.67039196614949
chrIV	13810001	13820000	6.7260444991363
chrIV	13820001	13830000	1.31573243818232
chrIV	13830001	13840000	3.95212165174486
chrIV	13850001	13860000	2.09939473882853
chrIV	13860001	13870000	3.27479770492429
chrIV	13930001	13940000	6.85929008601735
chrIV	13950001	13960000	1.75179425863706
chrIV	13980001	13990000	2.5807607036195
chrIV	13990001	14000000	5.71444239044037
chrIV	14000001	14010000	4.13235736761232
chrIV	14010001	14020000	4.69714491092646
chrIV	14130001	14140000	2.6980019239953
chrIV	14140001	14150000	6.03993290430212
chrIV	14150001	14160000	7.39975902121814
chrIV	14160001	14170000	5.76294328324782
chrIV	14170001	14180000	3.57964261554679
chrIV	14180001	14190000	5.71901416786603
chrIV	14190001	14200000	5.11958968857634
chrIV	14200001	14210000	4.98604380706203
chrIV	14230001	14240000	2.10695175958495
chrIV	14240001	14250000	5.87046612184755
chrIV	14260001	14270000	3.3259128797471
chrIV	14270001	14280000	7.30229323882623
chrIV	14280001	14290000	4.57783335755435
chrIV	14300001	14310000	1.41101688650641
chrIV	14330001	14340000	5.26685408216406
chrIV	14340001	14350000	4.16721797323477
chrIV	14350001	14360000	1.84324698068359
chrIV	14360001	14370000	1.61596257078751
chrIV	14370001	14380000	7.22586130121095
chrIV	14390001	14400000	2.44459168792339
chrIV	14400001	14410000	2.06141584914224
chrIV	14420001	14430000	2.89912130919399
chrIV	14480001	14490000	1.9705845847913
chrIV	14490001	14500000	1.90597711655824
chrIV	14510001	14520000	6.76857144017732
chrIV	14520001	14530000	4.29432248842951
chrIV	14530001	14540000	5.2496179453992
chrIV	14540001	14550000	7.95037937377938
chrIV	14550001	14560000	2.77376605122973
chrIV	14560001	14570000	2.1066036444939
chrIV	14570001	14580000	4.68282568159996
chrIV	14580001	14590000	3.67188972000289
chrIV	14630001	14640000	3.89007497078409
chrIV	14640001	14650000	3.91054122522443
chrIV	14660001	14670000	3.14810663061338
chrIV	14670001	14680000	6.66038362456089
chrIV	14680001	14690000	2.56138419738252
chrIV	14690001	14700000	5.04288179839095
chrIV	14700001	14710000	5.33881501117916
chrIV	14710001	14720000	8.16872467310183
chrIV	14720001	14730000	6.28728031643804
chrIV	14730001	14740000	3.0536557059923
chrIV	14750001	14760000	3.26194430033718
chrIV	14810001	14820000	3.56048376638742
chrIV	14840001	14850000	2.50287267500459
chrIV	14850001	14860000	4.96247111228955
chrIV	14860001	14870000	3.3137853249262
chrIV	14890001	14900000	1.17690807017533
chrIV	14900001	14910000	2.45200567337467
chrIV	14910001	14920000	3.58930916180618
chrIV	14920001	14930000	3.18998286533396
chrIV	14940001	14950000	2.37042144969819
chrIV	14970001	14980000	3.36110683344347
chrIV	14980001	14990000	7.05952306199562
chrIV	14990001	15000000	4.4445864384934
chrIV	15000001	15010000	7.82869951557579
chrIV	15050001	15060000	2.7557286877831
chrIV	15060001	15070000	1.92722605189754
chrIV	15090001	15100000	5.77776940238984
chrIV	15100001	15110000	1.67017178130849
chrIV	15110001	15120000	5.29502485687838
chrIV	15120001	15130000	4.56314118552749
chrIV	15130001	15140000	2.52444635490738
chrIV	15140001	15150000	6.04581304922335
chrIV	15150001	15160000	5.57605004633778
chrIV	15170001	15180000	6.97368125417084
chrIV	15180001	15190000	4.84345648631808
chrIV	15200001	15210000	5.47057872763993
chrIV	15210001	15220000	5.32964348557253
chrIV	15220001	15230000	2.0379890466416
chrIV	15230001	15240000	5.11177123473804
chrIV	15240001	15250000	4.16540949098342
chrIV	15250001	15260000	4.87247444839703
chrIV	15260001	15270000	5.20317623332109
chrIV	15270001	15280000	3.86200732725368
chrIV	15290001	15300000	6.0262724032323
chrIV	15300001	15310000	5.20118684424592
chrIV	15320001	15330000	3.01451598549638
chrIV	15330001	15340000	6.65687489804001
chrIV	15340001	15350000	7.3138688684377
chrIV	15350001	15360000	6.16353958382451
chrIV	15360001	15370000	7.43116343534152
chrIV	15370001	15380000	7.22816606631564
chrIV	15380001	15390000	2.97971819703611
chrIV	15400001	15410000	3.59955901650128
chrIV	15410001	15420000	6.48765133040559
chrIV	15420001	15430000	6.68230286023426
chrIV	15430001	15440000	2.4427791900153
chrIV	15480001	15490000	4.33066246154277
chrIV	15490001	15500000	3.47617963386408
chrIV	15500001	15510000	6.0237333811599
chrIV	15510001	15520000	2.34889379932202
chrIV	15580001	15590000	4.65508587954234
chrIV	15600001	15610000	3.34003054713644
chrIV	15620001	15630000	5.71210115620986
chrIV	15630001	15640000	3.31509665645261
chrIV	15660001	15670000	6.49324198109347
chrIV	15670001	15680000	1.88166210822097
chrIV	15720001	15730000	5.82305588292206
chrIV	15750001	15760000	3.91762269768943
chrIV	15760001	15770000	2.64149954614331
chrIV	15770001	15780000	5.67300903069641
chrIV	15780001	15790000	2.56431099706318
chrIV	15790001	15800000	3.4939593685336
chrIV	15800001	15810000	7.7425051033492
chrIV	15810001	15820000	6.42850373099206
chrIV	15820001	15830000	6.57351371017487
chrIV	15830001	15840000	7.26495744082088
chrIV	15840001	15850000	3.45547249769243
chrIV	15860001	15870000	7.6775651082555
chrIV	15870001	15880000	7.01612378003254
chrIV	15880001	15890000	3.08739964255823
chrIV	15890001	15900000	4.63313988235687
chrIV	15900001	15910000	5.71073087157656
chrIV	15910001	15920000	6.72544259081374
chrIV	15960001	15970000	4.2924818326026
chrIV	15980001	15990000	4.52972281771675
chrIV	15990001	16000000	4.0244349742189
chrIV	16000001	16010000	1.87173381583275
chrIV	16010001	16020000	4.06782994982425
chrIV	16030001	16040000	6.50978647156114
chrIV	16050001	16060000	5.92536681000023
chrIV	16060001	16070000	4.37022484937432
chrIV	16070001	16080000	5.20115808567001
chrIV	16080001	16090000	3.38915077660036
chrIV	16090001	16100000	8.49940536461293
chrIV	16100001	16110000	4.5043388186033
chrIV	16110001	16120000	5.80458927540258
chrIV	16130001	16140000	6.77730664411738
chrIV	16140001	16150000	5.68702926374965
chrIV	16190001	16200000	6.33940898478542
chrIV	16200001	16210000	2.3860553794367
chrIV	16210001	16220000	6.25469184875966
chrIV	16220001	16230000	4.96985838977319
chrIV	16230001	16240000	5.73279443338983
chrIV	16240001	16250000	9.636308829442
chrIV	16250001	16260000	6.34770834483835
chrIV	16260001	16270000	5.99546060713436
chrIV	16270001	16280000	4.5353342803887
chrIV	16280001	16290000	4.28488616381066
chrIV	16290001	16300000	4.42998188715612
chrIV	16300001	16310000	6.62733792574246
chrIV	16310001	16320000	4.66223415692198
chrIV	16320001	16330000	8.62720242893801
chrIV	16330001	16340000	3.65972718971949
chrIV	16340001	16350000	2.18727788621213
chrIV	16350001	16360000	1.85482691488018
chrIV	16360001	16370000	7.11954674187064
chrIV	16370001	16380000	2.45127141858669
chrIV	16440001	16450000	4.03713175014824
chrIV	16450001	16460000	3.36167504394049
chrIV	16460001	16470000	3.07464168787237
chrIV	16470001	16480000	1.91507400031057
chrIV	16520001	16530000	1.23524835281318
chrIV	16530001	16540000	6.84843282397546
chrIV	16540001	16550000	5.72612783898986
chrIV	16550001	16560000	4.51239970713461
chrIV	16560001	16570000	5.27995715305271
chrIV	16570001	16580000	6.56761448213024
chrIV	16580001	16590000	4.5490627281951
chrIV	16600001	16610000	7.04366528719456
chrIV	16610001	16620000	3.42443505393285
chrIV	16620001	16630000	3.70533043290196
chrIV	16690001	16700000	7.55586019652897
chrIV	16700001	16710000	5.00934096337446
chrIV	16710001	16720000	10.0290938183199
chrIV	16720001	16730000	7.91564831007903
chrIV	16730001	16740000	3.17661146315281
chrIV	16740001	16750000	5.06560965615799
chrIV	16750001	16760000	4.34124499024099
chrIV	16760001	16770000	7.45706714249688
chrIV	16770001	16780000	4.06393578630231
chrIV	16780001	16790000	4.30885405888525
chrIV	16790001	16800000	6.94914921316867
chrIV	16800001	16810000	4.45999300794613
chrIV	16820001	16830000	6.73616612597512
chrIV	16830001	16840000	4.36177275683921
chrIV	16890001	16900000	3.05035132408352
chrIV	16900001	16910000	7.71970955478752
chrIV	16910001	16920000	4.69931960456025
chrIV	16920001	16930000	2.69169299767838
chrIV	16930001	16940000	2.29165549796115
chrIV	16960001	16970000	2.5248892280819
chrIV	16970001	16980000	4.65460886451121
chrIV	16980001	16990000	7.12529999802292
chrIV	17020001	17030000	3.369770448227
chrIV	17030001	17040000	4.48386041892721
chrIV	17040001	17050000	5.32587304555681
chrIV	17050001	17060000	4.36156987075708
chrIV	17060001	17070000	4.67359812898582
chrIV	17070001	17080000	2.09086067154796
chrIV	17130001	17140000	1.77035924486765
chrIV	17140001	17150000	6.38950388450834
chrIV	17150001	17160000	4.71917523200246
chrIV	17190001	17200000	2.10172543573416
chrIV	17200001	17210000	0.991797097067487
chrIV	17220001	17230000	2.33118132693748
chrIV	17230001	17240000	4.88312029345201
chrIV	17240001	17250000	3.48496184460405
chrIV	17290001	17300000	2.60895067997681
chrIV	17300001	17310000	6.17184657023082
chrIV	17310001	17320000	4.64952258905486
chrIV	17320001	17330000	1.21736292482962
chrIV	17330001	17340000	2.04104786019155
chrIV	17340001	17350000	4.53354995286129
chrIV	17350001	17360000	3.7560545669496
chrIV	17360001	17370000	3.30700425947356
chrIV	17370001	17380000	1.92417639586027
chrIV	17380001	17390000	2.22642387639008
chrIV	17390001	17400000	4.74760415597164
chrIV	17400001	17410000	2.46140394276285
chrIV	17410001	17420000	5.83295103903249
chrIV	17420001	17430000	5.61123732100243
chrIV	17430001	17440000	3.80060351932533
chrIV	17440001	17450000	4.09931674875532
chrIV	17480001	17490000	4.52285319291483
chrV	30001	40000	1.82251927689323
chrV	40001	50000	6.57313191937252
chrV	60001	70000	3.68904783429812
chrV	70001	80000	3.21117433331354
chrV	90001	100000	2.10598085528632
chrV	130001	140000	3.37026845221963
chrV	140001	150000	3.44630104387071
chrV	160001	170000	1.71081635654841
chrV	210001	220000	1.29949674603831
chrV	220001	230000	2.97687568165071
chrV	250001	260000	2.51449476171021
chrV	260001	270000	3.26173835590882
chrV	270001	280000	4.14740827808171
chrV	280001	290000	2.66590155048917
chrV	290001	300000	1.16193282560904
chrV	320001	330000	6.32166584688707
chrV	330001	340000	3.29171391791357
chrV	340001	350000	1.44836204978465
chrV	360001	370000	1.67244909600963
chrV	370001	380000	2.90286018510669
chrV	380001	390000	2.24103199740455
chrV	390001	400000	4.32412862685003
chrV	400001	410000	3.90254592433868
chrV	410001	420000	1.61818391118467
chrV	420001	430000	5.73937425627488
chrV	430001	440000	5.78339118702301
chrV	440001	450000	2.04982747647803
chrV	450001	460000	2.87543430440102
chrV	460001	470000	2.03036408533824
chrV	470001	480000	3.92004494140638
chrV	490001	500000	2.08239792405954
chrV	500001	510000	5.90713305861729
chrV	510001	520000	2.85670373429471
chrV	520001	530000	6.1314172665387
chrV	540001	550000	5.39219764554107
chrV	550001	560000	3.37632997370887
chrV	560001	570000	6.13537875352398
chrV	570001	580000	5.10695928809325
chrV	580001	590000	6.56491960227338
chrV	590001	600000	5.74603793726951
chrV	600001	610000	7.78550342354617
chrV	610001	620000	4.40050774566018
chrV	620001	630000	1.98867385492762
chrV	630001	640000	3.43719269071633
chrV	650001	660000	5.13018088111894
chrV	660001	670000	3.5436834318134
chrV	670001	680000	4.40360352904817
chrV	680001	690000	1.66093115491394
chrV	700001	710000	2.9795767350692
chrV	710001	720000	3.57011540808154
chrV	740001	750000	3.15887461379929
chrV	750001	760000	4.02090567413122
chrV	760001	770000	1.07179864489506
chrV	780001	790000	3.53552779903321
chrV	790001	800000	4.89369158867598
chrV	800001	810000	3.14511740967326
chrV	810001	820000	5.31577148152316
chrV	820001	830000	6.00664729223721
chrV	830001	840000	4.57170660115464
chrV	840001	850000	3.49209230420114
chrV	860001	870000	2.60703245327303
chrV	870001	880000	2.39553863586152
chrV	880001	890000	5.21810557580577
chrV	890001	900000	3.42854099730508
chrV	920001	930000	1.28082836238643
chrV	950001	960000	2.81343868016259
chrV	1020001	1030000	2.52162464997531
chrV	1030001	1040000	3.23888292459605
chrV	1070001	1080000	2.95928501485553
chrV	1080001	1090000	3.43090818051369
chrV	1090001	1100000	7.48545694404573
chrV	1110001	1120000	3.82093173267932
chrV	1120001	1130000	8.20679647003065
chrV	1130001	1140000	3.81083722073283
chrV	1140001	1150000	1.69163325521525
chrV	1160001	1170000	4.39482017300578
chrV	1170001	1180000	1.19853743202094
chrV	1260001	1270000	2.1491632413582
chrV	1280001	1290000	1.75388226632294
chrV	1290001	1300000	4.51613399405218
chrV	1300001	1310000	6.02768316705065
chrV	1350001	1360000	1.86211798867215
chrV	1400001	1410000	4.96918568736598
chrV	1410001	1420000	2.22652809519721
chrV	1440001	1450000	3.9412019585205
chrV	1500001	1510000	4.64271385233562
chrV	1510001	1520000	2.20167872033364
chrV	1520001	1530000	4.29200365541126
chrV	1530001	1540000	3.75482568912349
chrV	1540001	1550000	2.12758302050194
chrV	1630001	1640000	1.87303208319665
chrV	1640001	1650000	5.24971051986121
chrV	1650001	1660000	6.62742819828598
chrV	1660001	1670000	6.8492923947833
chrV	1670001	1680000	6.64667499130739
chrV	1680001	1690000	2.34597078780152
chrV	1700001	1710000	8.06391712390592
chrV	1710001	1720000	6.03019669130002
chrV	1720001	1730000	4.34038087126412
chrV	1730001	1740000	2.00725801720961
chrV	1750001	1760000	1.31955543363807
chrV	1780001	1790000	2.70354992725144
chrV	1790001	1800000	2.79132275423696
chrV	1850001	1860000	2.07531192239499
chrV	1890001	1900000	1.40021948535786
chrV	1900001	1910000	4.54638151925081
chrV	1910001	1920000	5.18371005107904
chrV	1930001	1940000	6.57889302382117
chrV	1940001	1950000	4.26279844477632
chrV	1950001	1960000	2.81519823561508
chrV	2010001	2020000	2.16314247714959
chrV	2020001	2030000	4.95807583378665
chrV	2030001	2040000	3.14423524010902
chrV	2040001	2050000	1.74297663504421
chrV	2090001	2100000	6.09073240509001
chrV	2150001	2160000	5.24301874475392
chrV	2160001	2170000	2.97117075881206
chrV	2170001	2180000	2.87628537800399
chrV	2180001	2190000	4.99482806329632
chrV	2220001	2230000	4.41861408217529
chrV	2230001	2240000	3.98997323970318
chrV	2240001	2250000	1.56455629644098
chrV	2260001	2270000	1.51868410843935
chrV	2270001	2280000	6.46911238535279
chrV	2280001	2290000	2.91670031786873
chrV	2300001	2310000	1.98506067333655
chrV	2310001	2320000	8.38754565942122
chrV	2320001	2330000	3.80813420982261
chrV	2330001	2340000	4.27298389884498
chrV	2340001	2350000	6.55343642432888
chrV	2570001	2580000	3.41369243935691
chrV	2610001	2620000	1.38580300146414
chrV	2620001	2630000	3.64026109921256
chrV	2650001	2660000	1.44453101476631
chrV	2660001	2670000	1.79205787802278
chrV	2710001	2720000	4.32229683204
chrV	2720001	2730000	7.03046500374614
chrV	2740001	2750000	3.06985206371204
chrV	2750001	2760000	1.85988433231931
chrV	2760001	2770000	4.66324712608453
chrV	2770001	2780000	5.77098246960852
chrV	2780001	2790000	4.01895809469591
chrV	2790001	2800000	2.70315202236602
chrV	2810001	2820000	2.50423893096694
chrV	2820001	2830000	3.0157220128045
chrV	2830001	2840000	3.19886382113111
chrV	2850001	2860000	0.901342627986399
chrV	2860001	2870000	3.58689409224146
chrV	2890001	2900000	3.09847360634932
chrV	2900001	2910000	1.78737463704236
chrV	2910001	2920000	3.22964783793551
chrV	2920001	2930000	4.17058417652409
chrV	2930001	2940000	2.84656245886399
chrV	2940001	2950000	6.24872853526393
chrV	2950001	2960000	6.06426069957736
chrV	2960001	2970000	7.34126543377639
chrV	2970001	2980000	6.0335799762775
chrV	2990001	3000000	6.86736323462246
chrV	3000001	3010000	4.37178064967756
chrV	3010001	3020000	7.86253727901676
chrV	3020001	3030000	3.92399025835842
chrV	3030001	3040000	2.66159682429681
chrV	3060001	3070000	4.77316623673116
chrV	3070001	3080000	3.77581747899386
chrV	3080001	3090000	3.75956269370198
chrV	3090001	3100000	3.22489896206388
chrV	3100001	3110000	6.79810149017992
chrV	3110001	3120000	2.03305507640868
chrV	3120001	3130000	3.12816406364274
chrV	3130001	3140000	3.45573759656
chrV	3140001	3150000	2.77048841661321
chrV	3150001	3160000	4.49829287413893
chrV	3160001	3170000	2.06223588868254
chrV	3170001	3180000	3.41907167772712
chrV	3230001	3240000	4.8338251261051
chrV	3240001	3250000	5.21489524642623
chrV	3250001	3260000	1.63236874252737
chrV	3260001	3270000	4.67047913041454
chrV	3270001	3280000	4.66966814082856
chrV	3280001	3290000	2.46792526532931
chrV	3290001	3300000	4.15448874283078
chrV	3300001	3310000	4.4171635149084
chrV	3310001	3320000	2.08959913195991
chrV	3320001	3330000	8.02382684676185
chrV	3330001	3340000	4.68714298765147
chrV	3340001	3350000	3.02612767278632
chrV	3350001	3360000	5.26697180740549
chrV	3360001	3370000	5.55879276198191
chrV	3370001	3380000	3.51893312650384
chrV	3380001	3390000	5.75990956820897
chrV	3390001	3400000	3.71378160944172
chrV	3400001	3410000	2.80456595664454
chrV	3410001	3420000	3.16299897506134
chrV	3420001	3430000	3.30452248182091
chrV	3470001	3480000	3.77719853914276
chrV	3480001	3490000	7.27716517219187
chrV	3490001	3500000	4.04424838743796
chrV	3510001	3520000	2.41526486052972
chrV	3520001	3530000	5.34954431317437
chrV	3530001	3540000	4.63838447746366
chrV	3540001	3550000	6.43804797406036
chrV	3560001	3570000	1.75265933860281
chrV	3590001	3600000	5.11503377753779
chrV	3600001	3610000	3.07714738475011
chrV	3610001	3620000	3.35197041230313
chrV	3650001	3660000	2.79711909990201
chrV	3660001	3670000	2.11787098128128
chrV	3780001	3790000	2.47935998253522
chrV	3790001	3800000	3.36808329477622
chrV	3800001	3810000	2.44500119625614
chrV	3810001	3820000	4.74395011441238
chrV	3820001	3830000	2.46457867546336
chrV	3860001	3870000	1.6345920657349
chrV	3870001	3880000	2.33814557892699
chrV	3900001	3910000	4.60401979416037
chrV	3910001	3920000	1.81335493793211
chrV	3920001	3930000	3.72043711016502
chrV	3930001	3940000	1.75618099607274
chrV	3940001	3950000	4.06105458269643
chrV	3950001	3960000	1.61066341554471
chrV	3960001	3970000	1.86276382499357
chrV	3990001	4000000	3.59479103496088
chrV	4000001	4010000	2.96925080080087
chrV	4010001	4020000	4.89421156726939
chrV	4040001	4050000	3.38131024949469
chrV	4050001	4060000	3.81233738090713
chrV	4070001	4080000	2.68567609058217
chrV	4080001	4090000	3.21926897394185
chrV	4090001	4100000	6.98574515963999
chrV	4100001	4110000	1.53273572357788
chrV	4110001	4120000	4.46836836951383
chrV	4220001	4230000	1.9780887342547
chrV	4230001	4240000	6.92886519141553
chrV	4240001	4250000	4.26025848283671
chrV	4250001	4260000	4.39820593157196
chrV	4260001	4270000	5.16881869734856
chrV	4270001	4280000	8.54304858861413
chrV	4280001	4290000	3.60094874134802
chrV	4290001	4300000	5.4945874777264
chrV	4300001	4310000	2.50684638349483
chrV	4310001	4320000	6.32169844080084
chrV	4330001	4340000	4.85206416232375
chrV	4370001	4380000	1.3586029304778
chrV	4390001	4400000	3.02586414389585
chrV	4410001	4420000	1.81528684484189
chrV	4430001	4440000	2.55983381077802
chrV	4450001	4460000	1.77734942310879
chrV	4470001	4480000	3.3676347242706
chrV	4550001	4560000	2.10309281246183
chrV	4660001	4670000	3.17222183531816
chrV	4670001	4680000	2.68519102927547
chrV	4700001	4710000	1.40157809403458
chrV	4780001	4790000	1.49547257647955
chrV	4870001	4880000	1.67779400370469
chrV	4920001	4930000	3.46475011029263
chrV	4930001	4940000	3.57066324424502
chrV	4940001	4950000	3.22389592761529
chrV	4980001	4990000	1.20363389117474
chrV	4990001	5000000	1.46963073224117
chrV	5070001	5080000	1.66815363925117
chrV	5080001	5090000	1.35156335184232
chrV	5090001	5100000	2.07568111047518
chrV	5100001	5110000	5.58412772297851
chrV	5120001	5130000	3.48699180239093
chrV	5140001	5150000	4.80764558951947
chrV	5150001	5160000	4.86664107665446
chrV	5160001	5170000	2.92769831246649
chrV	5190001	5200000	1.77968907934587
chrV	5240001	5250000	2.7754426090238
chrV	5250001	5260000	5.5686926942651
chrV	5340001	5350000	4.64615106860798
chrV	5350001	5360000	2.41591533683642
chrV	5360001	5370000	5.23905075578105
chrV	5370001	5380000	2.92340301294712
chrV	5380001	5390000	2.51204599293232
chrV	5390001	5400000	5.9341315336526
chrV	5400001	5410000	4.64963190102176
chrV	5440001	5450000	2.18937184872236
chrV	5450001	5460000	6.69556743300782
chrV	5460001	5470000	4.40074365544625
chrV	5470001	5480000	1.16076323167045
chrV	5480001	5490000	2.20583852364922
chrV	5490001	5500000	2.90069003008545
chrV	5600001	5610000	1.17387067854795
chrV	5620001	5630000	5.23037957384216
chrV	5730001	5740000	5.16513011177602
chrV	5800001	5810000	3.68065411590242
chrV	5870001	5880000	1.07403225719766
chrV	5880001	5890000	1.45751592660412
chrV	5900001	5910000	3.0789720493134
chrV	5920001	5930000	1.58166479431297
chrV	6050001	6060000	1.27040885039207
chrV	6060001	6070000	2.95083251730391
chrV	6120001	6130000	2.02652626446338
chrV	6130001	6140000	2.03789937238567
chrV	6150001	6160000	8.43474814312165
chrV	6170001	6180000	6.65292405104984
chrV	6180001	6190000	4.84766356744694
chrV	6190001	6200000	2.94705634422072
chrV	6280001	6290000	1.6596026140536
chrV	6310001	6320000	1.59422388395174
chrV	6560001	6570000	2.0165385424548
chrV	6630001	6640000	3.17658850568748
chrV	6740001	6750000	2.25008615409296
chrV	6750001	6760000	1.77229601045507
chrV	6770001	6780000	1.77798346475249
chrV	6830001	6840000	3.86859467098365
chrV	6840001	6850000	2.87325410973464
chrV	6910001	6920000	1.57314864187125
chrV	6940001	6950000	3.50932537013687
chrV	6950001	6960000	1.43359208556427
chrV	6960001	6970000	3.06770740145536
chrV	6970001	6980000	1.78539929141414
chrV	7000001	7010000	1.83542158694316
chrV	7010001	7020000	6.12034705970934
chrV	7020001	7030000	2.97087001993434
chrV	7030001	7040000	4.25290255346867
chrV	7120001	7130000	1.99700293377597
chrV	7130001	7140000	1.29810135194554
chrV	7250001	7260000	3.73735850670666
chrV	7260001	7270000	3.36906840817758
chrV	7270001	7280000	5.38404255257454
chrV	7280001	7290000	3.33943493027202
chrV	7290001	7300000	4.69791721489838
chrV	7300001	7310000	2.45235505370563
chrV	7310001	7320000	5.77025662315917
chrV	7320001	7330000	1.30890330086506
chrV	7330001	7340000	3.85390741656525
chrV	7340001	7350000	3.32946985055785
chrV	7350001	7360000	8.43049709340696
chrV	7360001	7370000	4.41466693126641
chrV	7370001	7380000	5.60941435457746
chrV	7380001	7390000	1.85285385628055
chrV	7390001	7400000	3.7613647919987
chrV	7400001	7410000	5.0844474910955
chrV	7410001	7420000	2.66178359039346
chrV	7420001	7430000	6.71216564770874
chrV	7440001	7450000	3.61539545003053
chrV	7450001	7460000	2.2205983868488
chrV	7490001	7500000	2.40045407486989
chrV	7500001	7510000	1.41532139046567
chrV	7510001	7520000	3.46197864173426
chrV	7520001	7530000	1.6268599219345
chrV	7530001	7540000	1.8582130932665
chrV	7550001	7560000	2.57973204899818
chrV	7600001	7610000	4.51100574781607
chrV	7610001	7620000	2.42962695483879
chrV	7620001	7630000	7.97245396887474
chrV	7630001	7640000	2.58643874657826
chrV	7650001	7660000	2.58213423031683
chrV	7660001	7670000	2.8550201639183
chrV	7670001	7680000	3.5396613253535
chrV	7690001	7700000	5.36854132261223
chrV	7710001	7720000	1.58717686532853
chrV	7880001	7890000	2.49554373519048
chrV	7920001	7930000	2.39057615044183
chrV	7930001	7940000	4.14296336019461
chrV	7940001	7950000	4.75494502516899
chrV	7960001	7970000	2.09095990536692
chrV	8050001	8060000	5.28616679630267
chrV	8060001	8070000	3.42609137614659
chrV	8070001	8080000	4.55187358888606
chrV	8080001	8090000	3.71847964705055
chrV	8090001	8100000	2.50795370955436
chrV	8100001	8110000	2.08124570333064
chrV	8110001	8120000	3.40846629555519
chrV	8120001	8130000	1.92049715574688
chrV	8140001	8150000	1.89027457546962
chrV	8150001	8160000	0.9672666345723
chrV	8160001	8170000	2.41098372761552
chrV	8270001	8280000	1.23583849199324
chrV	8280001	8290000	1.69970535541961
chrV	8290001	8300000	2.24327562949731
chrV	8310001	8320000	4.20995147400172
chrV	8320001	8330000	4.94918589972704
chrV	8340001	8350000	1.86719840128693
chrV	8370001	8380000	3.26459719985974
chrV	8390001	8400000	3.1544598757299
chrV	8480001	8490000	7.01657015373147
chrV	8490001	8500000	1.94972882772453
chrV	8500001	8510000	2.22617336535623
chrV	8550001	8560000	2.16943376256823
chrV	8700001	8710000	3.21826550944998
chrV	8710001	8720000	6.0650256431006
chrV	8720001	8730000	7.9957492625267
chrV	8730001	8740000	0.999570386160383
chrV	8740001	8750000	2.57262579273926
chrV	8750001	8760000	3.73078005453919
chrV	8810001	8820000	3.30988229038371
chrV	8910001	8920000	1.96295348577332
chrV	8930001	8940000	1.88493211067089
chrV	8980001	8990000	3.81473862560672
chrV	8990001	9000000	3.98809750193523
chrV	9000001	9010000	2.66116786817887
chrV	9010001	9020000	2.22802639760459
chrV	9020001	9030000	3.70195577113692
chrV	9030001	9040000	1.23371426383036
chrV	9040001	9050000	1.12999384230031
chrV	9050001	9060000	2.46859711965681
chrV	9060001	9070000	1.94896796139646
chrV	9100001	9110000	2.54661248431256
chrV	9120001	9130000	3.59047749272787
chrV	9130001	9140000	3.79273512117451
chrV	9150001	9160000	3.20894356906631
chrV	9160001	9170000	1.28952682476321
chrV	9280001	9290000	1.33299160642258
chrV	9300001	9310000	1.83564825628018
chrV	9310001	9320000	3.240699630245
chrV	9360001	9370000	2.89055701839251
chrV	9370001	9380000	2.88056375488761
chrV	9430001	9440000	2.78869001921601
chrV	9470001	9480000	2.79138538539109
chrV	9480001	9490000	3.00027871041053
chrV	9590001	9600000	2.71890947181591
chrV	9600001	9610000	2.59942205993432
chrV	9610001	9620000	2.28126331456946
chrV	9800001	9810000	2.24741181592211
chrV	9810001	9820000	3.24491179553903
chrV	9820001	9830000	1.85527929625758
chrV	9830001	9840000	2.87178514496408
chrV	9840001	9850000	2.50410432373949
chrV	9860001	9870000	1.76485906215322
chrV	9890001	9900000	2.71001484766157
chrV	9900001	9910000	1.86296053379964
chrV	9910001	9920000	2.81238619799236
chrV	9940001	9950000	4.53706214016211
chrV	10060001	10070000	2.84301820715558
chrV	10070001	10080000	1.67730231774046
chrV	10100001	10110000	1.62302967811573
chrV	10150001	10160000	2.05738504446763
chrV	10160001	10170000	1.84665502127224
chrV	10280001	10290000	1.39004534922802
chrV	10290001	10300000	2.47777338817914
chrV	10300001	10310000	5.54057076927414
chrV	10410001	10420000	1.62202815814978
chrV	10420001	10430000	1.27624559322253
chrV	10550001	10560000	2.92134663087039
chrV	10610001	10620000	5.99015845817202
chrV	10620001	10630000	2.34947653116232
chrV	10630001	10640000	1.12878350863911
chrV	10760001	10770000	2.07324967071082
chrV	10780001	10790000	2.58001744072919
chrV	10820001	10830000	4.1484842627572
chrV	10830001	10840000	3.25419959320219
chrV	10840001	10850000	1.61347770646558
chrV	10900001	10910000	2.01539165219744
chrV	10910001	10920000	1.58617280552145
chrV	10920001	10930000	3.08077196723265
chrV	10970001	10980000	2.30692200437829
chrV	10990001	11000000	1.30215334849772
chrV	11150001	11160000	2.57858533279996
chrV	11160001	11170000	2.83756595335915
chrV	11250001	11260000	2.18526494593725
chrV	11260001	11270000	2.78049536812662
chrV	11270001	11280000	1.07576304457968
chrV	11290001	11300000	3.44335838252933
chrV	11350001	11360000	3.09332982499854
chrV	11360001	11370000	5.11306579625635
chrV	11380001	11390000	2.22078689236122
chrV	11420001	11430000	2.3156033615939
chrV	11450001	11460000	5.11327936116005
chrV	11460001	11470000	1.58936890126997
chrV	11580001	11590000	2.42518796663517
chrV	11730001	11740000	2.46920339039128
chrV	11740001	11750000	3.01577434978202
chrV	12140001	12150000	2.58141718854942
chrV	12150001	12160000	1.1346451445382
chrV	12260001	12270000	2.33544583760589
chrV	12320001	12330000	1.62922899339711
chrV	12360001	12370000	4.37474833307661
chrV	12370001	12380000	1.29810785655724
chrV	12380001	12390000	4.26074014954093
chrV	12420001	12430000	5.48638395309851
chrV	12570001	12580000	3.12027618500246
chrV	12610001	12620000	1.07484289735396
chrV	12620001	12630000	3.83681428418635
chrV	12640001	12650000	4.01259779894353
chrV	12670001	12680000	5.23291838230098
chrV	12680001	12690000	2.47780266696378
chrV	12710001	12720000	2.83247181124311
chrV	12720001	12730000	1.84620879540412
chrV	12830001	12840000	6.2229613009153
chrV	12880001	12890000	1.46844612290051
chrV	13050001	13060000	2.40521897021626
chrV	13070001	13080000	2.98202404071741
chrV	13090001	13100000	1.30794330766792
chrV	13140001	13150000	1.51409806636629
chrV	13220001	13230000	3.39979523953531
chrV	13240001	13250000	2.4069176895137
chrV	13420001	13430000	2.61496828711123
chrV	13480001	13490000	1.8419254783794
chrV	13500001	13510000	2.85087050361521
chrV	13510001	13520000	1.96189192822212
chrV	13530001	13540000	1.68572901139663
chrV	13540001	13550000	2.21921931584167
chrV	13610001	13620000	1.58165355990712
chrV	13690001	13700000	1.72132773122847
chrV	13700001	13710000	2.11629750681835
chrV	13730001	13740000	3.21316096758092
chrV	13760001	13770000	2.19434563827817
chrV	13830001	13840000	1.95185044093176
chrV	13840001	13850000	4.27710770702971
chrV	13850001	13860000	3.13662124191238
chrV	13860001	13870000	2.68244060314009
chrV	13910001	13920000	1.40591867282607
chrV	13920001	13930000	4.31882715345189
chrV	13940001	13950000	3.24259580879779
chrV	14060001	14070000	2.60438805101879
chrV	14070001	14080000	1.38955107858353
chrV	14160001	14170000	1.28858173224439
chrV	14200001	14210000	2.84773089772273
chrV	14220001	14230000	2.14969173350298
chrV	14230001	14240000	1.9679574763884
chrV	14240001	14250000	5.38687999825979
chrV	14250001	14260000	5.81639082138755
chrV	14280001	14290000	2.33495362161571
chrV	14310001	14320000	7.55926783371043
chrV	14320001	14330000	5.75942088435359
chrV	14330001	14340000	2.35837436895163
chrV	14400001	14410000	1.53127099305389
chrV	14550001	14560000	1.15111258321209
chrV	14560001	14570000	2.35864415964029
chrV	14580001	14590000	2.55558678557329
chrV	14600001	14610000	2.08821867791702
chrV	14620001	14630000	4.58452409369758
chrV	14710001	14720000	1.27488213591202
chrV	14720001	14730000	3.1439811866209
chrV	14740001	14750000	2.64380880998377
chrV	14750001	14760000	7.69033536487153
chrV	14760001	14770000	6.97058507070788
chrV	14860001	14870000	2.49042676216567
chrV	14920001	14930000	5.81338996997244
chrV	14940001	14950000	3.07621337211156
chrV	14950001	14960000	5.99787009154906
chrV	14960001	14970000	3.18796698297974
chrV	14970001	14980000	1.72035084662358
chrV	15100001	15110000	1.79049796388823
chrV	15170001	15180000	3.02550540673548
chrV	15200001	15210000	3.02766250278381
chrV	15210001	15220000	7.41154319472294
chrV	15220001	15230000	1.67155842963114
chrV	15230001	15240000	2.75011004577981
chrV	15240001	15250000	1.91783106387224
chrV	15250001	15260000	2.98166868938595
chrV	15260001	15270000	1.95736726626399
chrV	15270001	15280000	4.67980517513557
chrV	15280001	15290000	2.47842166011453
chrV	15300001	15310000	2.20653538421941
chrV	15310001	15320000	2.89454037903401
chrV	15320001	15330000	1.92876995457744
chrV	15330001	15340000	2.85785471850471
chrV	15340001	15350000	2.13061948139093
chrV	15380001	15390000	3.67131877992853
chrV	15400001	15410000	6.18680175052694
chrV	15410001	15420000	3.9420548809258
chrV	15420001	15430000	2.26815107474917
chrV	15430001	15440000	2.41039555621644
chrV	15440001	15450000	3.80632059872266
chrV	15450001	15460000	7.76478018000854
chrV	15460001	15470000	6.58285963357675
chrV	15610001	15620000	2.33805560466445
chrV	15620001	15630000	5.26654656525879
chrV	15630001	15640000	5.58102362926292
chrV	15670001	15680000	3.49392848677164
chrV	15680001	15690000	1.57379712054732
chrV	15690001	15700000	2.26864958393184
chrV	15710001	15720000	3.19702797519942
chrV	15730001	15740000	5.57297628574821
chrV	15740001	15750000	3.28637386108469
chrV	15750001	15760000	4.37022648859138
chrV	15780001	15790000	3.40863270621245
chrV	15790001	15800000	2.15762046823125
chrV	15800001	15810000	4.36348689686669
chrV	15810001	15820000	4.39234722387844
chrV	15820001	15830000	4.04573085897475
chrV	15830001	15840000	5.44386425497687
chrV	15840001	15850000	5.28646906080291
chrV	15850001	15860000	3.81167916458494
chrV	15860001	15870000	2.50173360007309
chrV	15900001	15910000	2.90348697654163
chrV	15910001	15920000	1.64519597396351
chrV	15920001	15930000	3.65122035078765
chrV	15930001	15940000	3.12017052270407
chrV	15940001	15950000	6.25878964246335
chrV	15950001	15960000	5.85053686272452
chrV	15960001	15970000	4.79794901053997
chrV	15970001	15980000	2.11735505898837
chrV	15980001	15990000	1.92532645485062
chrV	15990001	16000000	4.73083091634972
chrV	16000001	16010000	5.37321242750723
chrV	16010001	16020000	4.73222900886335
chrV	16060001	16070000	1.74465582045426
chrV	16130001	16140000	3.09244794742861
chrV	16140001	16150000	7.93547703374846
chrV	16150001	16160000	2.4582645642907
chrV	16160001	16170000	2.48837910799458
chrV	16170001	16180000	3.90664395514652
chrV	16180001	16190000	6.78095094006707
chrV	16190001	16200000	3.6375888346562
chrV	16200001	16210000	1.91985914879488
chrV	16220001	16230000	1.12122427705779
chrV	16230001	16240000	4.69763920643145
chrV	16250001	16260000	3.36458954887278
chrV	16260001	16270000	4.91578085226142
chrV	16270001	16280000	3.32922940310416
chrV	16280001	16290000	3.99724732167739
chrV	16290001	16300000	2.48628797535511
chrV	16300001	16310000	2.28775539928868
chrV	16310001	16320000	3.55976755304495
chrV	16320001	16330000	3.48624905056512
chrV	16330001	16340000	2.85746960926653
chrV	16340001	16350000	1.24384659316577
chrV	16380001	16390000	4.40930171874954
chrV	16390001	16400000	2.48434415705141
chrV	16420001	16430000	4.58161363790762
chrV	16430001	16440000	5.49784862949207
chrV	16440001	16450000	3.74345980756829
chrV	16450001	16460000	2.46240341766342
chrV	16460001	16470000	2.67375639453174
chrV	16470001	16480000	6.19065252249438
chrV	16480001	16490000	5.01987374232435
chrV	16510001	16520000	2.80765909092065
chrV	16520001	16530000	3.14466958768795
chrV	16530001	16540000	3.22042819239457
chrV	16560001	16570000	6.88872061765417
chrV	16570001	16580000	1.40275972237395
chrV	16620001	16630000	1.23691544486046
chrV	16630001	16640000	3.84015593915002
chrV	16640001	16650000	4.10008179849275
chrV	16650001	16660000	3.25647747795566
chrV	16660001	16670000	5.17939074715356
chrV	16670001	16680000	1.5797023036932
chrV	16680001	16690000	5.75858640255274
chrV	16690001	16700000	7.62032954963041
chrV	16700001	16710000	2.05072916849696
chrV	16710001	16720000	5.76955320065751
chrV	16720001	16730000	3.0430290035518
chrV	16730001	16740000	6.23016008539281
chrV	16760001	16770000	1.49358636481812
chrV	16770001	16780000	1.93196018703444
chrV	16840001	16850000	4.63858082802179
chrV	16850001	16860000	5.15947093292696
chrV	16860001	16870000	3.43804764815725
chrV	16870001	16880000	7.21664659730891
chrV	16880001	16890000	5.67677980669263
chrV	16890001	16900000	7.66627724719686
chrV	16900001	16910000	5.40470125502443
chrV	16910001	16920000	3.59298562951839
chrV	16920001	16930000	3.99801854177803
chrV	16930001	16940000	2.37417663098278
chrV	16940001	16950000	2.14032384214832
chrV	16950001	16960000	3.79794292382083
chrV	16970001	16980000	4.53430207463017
chrV	16980001	16990000	4.40376850716064
chrV	16990001	17000000	3.96686049411025
chrV	17000001	17010000	5.28352533007091
chrV	17010001	17020000	8.49104619151139
chrV	17020001	17030000	6.05306674253894
chrV	17030001	17040000	4.80717822204043
chrV	17040001	17050000	5.15865493140615
chrV	17050001	17060000	7.66019877359933
chrV	17060001	17070000	3.13796467335543
chrV	17080001	17090000	1.8152786590355
chrV	17090001	17100000	3.4854115475888
chrV	17100001	17110000	4.20019846051336
chrV	17130001	17140000	9.76625240051541
chrV	17140001	17150000	6.26175604795912
chrV	17150001	17160000	2.5294554857003
chrV	17160001	17170000	5.47976827879306
chrV	17170001	17180000	4.07949803473714
chrV	17180001	17190000	4.5892460516201
chrV	17190001	17200000	5.17577446572724
chrV	17200001	17210000	5.3986504968591
chrV	17210001	17220000	4.13369391615872
chrV	17220001	17230000	4.01393883884313
chrV	17230001	17240000	5.13665473487529
chrV	17240001	17250000	3.07797056544184
chrV	17250001	17260000	3.86834566905649
chrV	17260001	17270000	5.3284755359164
chrV	17270001	17280000	2.89414980981905
chrV	17280001	17290000	4.3800091463407
chrV	17290001	17300000	3.13348159619703
chrV	17300001	17310000	4.9754701087385
chrV	17320001	17330000	3.46055168584718
chrV	17330001	17340000	3.9544145972974
chrV	17350001	17360000	1.32085155986136
chrV	17370001	17380000	8.65056996513247
chrV	17380001	17390000	6.25200220384699
chrV	17390001	17400000	4.82331670009905
chrV	17400001	17410000	4.89690925178374
chrV	17410001	17420000	2.83587473840369
chrV	17420001	17430000	2.4849926277579
chrV	17430001	17440000	6.3448823893069
chrV	17440001	17450000	5.99339377630269
chrV	17450001	17460000	7.44276830949891
chrV	17460001	17470000	5.55559082553168
chrV	17470001	17480000	1.90731258976032
chrV	17480001	17490000	3.7473259057565
chrV	17490001	17500000	3.59400797402641
chrV	17500001	17510000	8.86680232223237
chrV	17510001	17520000	5.7040856385676
chrV	17520001	17530000	5.2741020754119
chrV	17530001	17540000	4.34869009864482
chrV	17550001	17560000	2.31472349085963
chrV	17560001	17570000	4.30051809439257
chrV	17570001	17580000	6.16179051229582
chrV	17580001	17590000	4.80255303685326
chrV	17590001	17600000	3.19072258637314
chrV	17610001	17620000	5.00265184286056
chrV	17620001	17630000	4.9389396145006
chrV	17630001	17640000	4.80595015197013
chrV	17640001	17650000	4.19286541184175
chrV	17670001	17680000	2.98455763951297
chrV	17680001	17690000	2.33536386898108
chrV	17690001	17700000	3.58551542869899
chrV	17700001	17710000	2.27796145940923
chrV	17710001	17720000	2.83036040800312
chrV	17720001	17730000	3.28977330489892
chrV	17730001	17740000	1.07641117274461
chrV	17760001	17770000	2.08779919188327
chrV	17780001	17790000	2.74471733545451
chrV	17790001	17800000	6.02023975703623
chrV	17800001	17810000	5.34997460010952
chrV	17810001	17820000	4.15996664454642
chrV	17820001	17830000	7.87511517189571
chrV	17830001	17840000	4.90014354958817
chrV	17840001	17850000	2.88434649284145
chrV	17870001	17880000	4.53191879691905
chrV	17990001	18000000	2.16517091701847
chrV	18000001	18010000	4.93515901175567
chrV	18010001	18020000	2.77511758186472
chrV	18120001	18130000	5.04613910887157
chrV	18130001	18140000	3.21379822232534
chrV	18140001	18150000	3.49138180666068
chrV	18150001	18160000	5.52574831121259
chrV	18160001	18170000	3.86286125560476
chrV	18170001	18180000	5.38595395981591
chrV	18180001	18190000	4.27365306998383
chrV	18190001	18200000	6.56360384275289
chrV	18200001	18210000	6.70469750710336
chrV	18210001	18220000	6.2381268350276
chrV	18220001	18230000	6.40936854713563
chrV	18230001	18240000	6.24625387843535
chrV	18240001	18250000	3.07841197926919
chrV	18250001	18260000	4.92456505322488
chrV	18260001	18270000	4.1397910000848
chrV	18270001	18280000	3.97015971530609
chrV	18280001	18290000	4.23945986577957
chrV	18290001	18300000	3.82431712711845
chrV	18300001	18310000	3.11391642567199
chrV	18310001	18320000	3.02331824212474
chrV	18360001	18370000	6.01841456862501
chrV	18380001	18390000	6.04810786556333
chrV	18390001	18400000	7.32341167534971
chrV	18400001	18410000	4.91166123333796
chrV	18410001	18420000	5.97906892438459
chrV	18430001	18440000	1.55721928755177
chrV	18440001	18450000	3.74370620401702
chrV	18450001	18460000	3.5078693924648
chrV	18470001	18480000	5.38536837719397
chrV	18500001	18510000	6.86811062584691
chrV	18510001	18520000	4.21546277307736
chrV	18520001	18530000	5.71123441779544
chrV	18550001	18560000	3.60944153892477
chrV	18620001	18630000	3.68937481128592
chrV	18630001	18640000	4.66157892178606
chrV	18640001	18650000	5.33295006913671
chrV	18650001	18660000	8.4673190795148
chrV	18660001	18670000	6.90216760138301
chrV	18670001	18680000	7.64684453971879
chrV	18730001	18740000	4.61019172063431
chrV	18740001	18750000	2.59997178605652
chrV	18750001	18760000	4.60123269614164
chrV	18760001	18770000	6.15433982782435
chrV	18770001	18780000	5.51725964383088
chrV	18790001	18800000	3.63273697740461
chrV	18810001	18820000	4.05347385501897
chrV	18910001	18920000	4.94687758390307
chrV	18930001	18940000	4.3742035559842
chrV	19010001	19020000	8.9723252278983
chrV	19020001	19030000	4.39015118535457
chrV	19030001	19040000	4.2372153893766
chrV	19040001	19050000	3.48224040469956
chrV	19050001	19060000	1.94400457103479
chrV	19080001	19090000	3.4399181026481
chrV	19090001	19100000	3.14479468733696
chrV	19270001	19280000	2.47938186347051
chrV	19320001	19330000	4.92235771533061
chrV	19380001	19390000	5.40167817714646
chrV	19390001	19400000	6.01200195790071
chrV	19400001	19410000	4.61277135693376
chrV	19410001	19420000	3.15436113266505
chrV	19420001	19430000	3.25088942858721
chrV	19430001	19440000	1.63086476025984
chrV	19440001	19450000	2.70458077152903
chrV	19450001	19460000	3.76657168771551
chrV	19460001	19470000	4.46330454056437
chrV	19480001	19490000	3.42877648755772
chrV	19490001	19500000	3.92431665545718
chrV	19500001	19510000	2.47488647803575
chrV	19510001	19520000	2.47771811193955
chrV	19550001	19560000	3.26457529088295
chrV	19590001	19600000	3.59435513959009
chrV	19650001	19660000	5.40885234234352
chrV	19680001	19690000	6.58626244814502
chrV	19700001	19710000	2.80671999257531
chrV	19710001	19720000	4.42718421251466
chrV	19730001	19740000	0.759912073844897
chrV	19740001	19750000	4.9056387662916
chrV	19750001	19760000	2.12039863403649
chrV	19760001	19770000	5.77035830517181
chrV	19770001	19780000	5.21990937458452
chrV	19780001	19790000	5.73187247848522
chrV	19790001	19800000	3.496910953682
chrV	19800001	19810000	5.63344289790513
chrV	19810001	19820000	6.83505532068891
chrV	19820001	19830000	4.90714869203003
chrV	19830001	19840000	2.87952059879139
chrV	19840001	19850000	4.57160494246526
chrV	19850001	19860000	3.5996072034581
chrV	19860001	19870000	4.11917274426317
chrV	19870001	19880000	4.84764442265481
chrV	19920001	19930000	1.69338186018266
chrV	19930001	19940000	3.16536516784925
chrV	19950001	19960000	4.62216172935995
chrV	19980001	19990000	1.395931943822
chrV	20040001	20050000	6.92395373679402
chrV	20080001	20090000	4.91009447268037
chrV	20110001	20120000	1.94433152896289
chrV	20130001	20140000	3.62944202283291
chrV	20140001	20150000	3.723229320906
chrV	20150001	20160000	5.97960225779766
chrV	20160001	20170000	4.39540821223511
chrV	20170001	20180000	5.38732198595258
chrV	20180001	20190000	1.47435778834768
chrV	20230001	20240000	3.84070749346116
chrV	20300001	20310000	5.91171279578363
chrV	20310001	20320000	8.28399799919032
chrV	20320001	20330000	5.44183640956328
chrV	20360001	20370000	2.47566311280993
chrV	20390001	20400000	1.41288116287796
chrV	20440001	20450000	5.5174405974594
chrV	20480001	20490000	3.19234192410708
chrV	20500001	20510000	2.07552544587335
chrV	20510001	20520000	2.29908874976638
chrV	20520001	20530000	2.54180838756704
chrV	20530001	20540000	4.90459406886798
chrV	20550001	20560000	4.39310197771998
chrV	20570001	20580000	2.30434332952639
chrV	20580001	20590000	3.46775894243837
chrV	20590001	20600000	5.67982528137843
chrV	20600001	20610000	5.86801092998708
chrV	20610001	20620000	3.82372420838073
chrV	20620001	20630000	4.73447819650953
chrV	20630001	20640000	7.77120378519237
chrV	20640001	20650000	1.51888251708359
chrV	20660001	20670000	3.13725836443063
chrV	20670001	20680000	4.11709938542205
chrV	20690001	20700000	0.906030705696881
chrV	20800001	20810000	3.89085027594436
chrV	20810001	20820000	1.55812236110508
chrV	20820001	20830000	1.63878155257306
chrV	20860001	20870000	5.15375826578076
chrV	20880001	20890000	5.96335320827896
chrV	20890001	20900000	3.3244183501338
chrV	20900001	20910000	1.95621093344861
chrV	20910001	20920000	4.60960537466176
chrV	20920001	20924180	1.17119514462154
chrX	50001	60000	4.89663574304259
chrX	60001	70000	4.65449986340541
chrX	80001	90000	3.6379555573973
chrX	90001	100000	6.98774491527892
chrX	110001	120000	7.5646488989008
chrX	120001	130000	6.61507029951767
chrX	130001	140000	4.19249545800613
chrX	140001	150000	5.79711859212746
chrX	150001	160000	2.62028645462398
chrX	170001	180000	5.009639064934
chrX	200001	210000	3.7476994483153
chrX	210001	220000	7.09032672166955
chrX	220001	230000	5.74462968261227
chrX	240001	250000	4.8459502573149
chrX	250001	260000	8.25581953111799
chrX	260001	270000	7.48003334708102
chrX	270001	280000	6.16142554630744
chrX	280001	290000	3.55783964208559
chrX	300001	310000	1.45128884743081
chrX	330001	340000	3.28490190545213
chrX	390001	400000	2.07315233231158
chrX	400001	410000	3.22454763439395
chrX	410001	420000	1.84641813835479
chrX	420001	430000	1.35718595068775
chrX	450001	460000	5.55215922386073
chrX	540001	550000	3.12743527061903
chrX	560001	570000	2.83945040525317
chrX	570001	580000	2.12036439939735
chrX	580001	590000	2.01018571967999
chrX	630001	640000	1.31305280001903
chrX	640001	650000	1.66309071245582
chrX	650001	660000	2.8497766481818
chrX	660001	670000	2.5666373413116
chrX	730001	740000	1.12567628330679
chrX	750001	760000	1.5288274422915
chrX	790001	800000	1.4471267617729
chrX	980001	990000	2.7877499912618
chrX	1070001	1080000	3.30191270380124
chrX	1150001	1160000	2.59757072969821
chrX	1170001	1180000	1.95597570232816
chrX	1250001	1260000	1.99408544216629
chrX	1350001	1360000	3.71582987313491
chrX	1360001	1370000	3.46539162262426
chrX	1380001	1390000	3.4863844262594
chrX	1400001	1410000	6.10990848702407
chrX	1410001	1420000	4.81589503964799
chrX	1460001	1470000	3.55539488725252
chrX	1530001	1540000	2.65494831480005
chrX	1540001	1550000	5.28719688349084
chrX	1550001	1560000	4.46363485524636
chrX	1560001	1570000	4.10103438444506
chrX	1570001	1580000	5.78803838798498
chrX	1580001	1590000	4.28603467126925
chrX	1610001	1620000	3.93718356692917
chrX	1620001	1630000	7.38006009741767
chrX	1630001	1640000	6.61568289367831
chrX	1640001	1650000	4.35659324305546
chrX	1650001	1660000	3.82668876676687
chrX	1660001	1670000	7.28214926015812
chrX	1670001	1680000	6.68314907982339
chrX	1680001	1690000	6.66801526593151
chrX	1690001	1700000	4.12687327701361
chrX	1710001	1720000	2.2677559804051
chrX	1720001	1730000	7.96150792536331
chrX	1730001	1740000	5.00326032399117
chrX	1740001	1750000	2.81660908624091
chrX	1750001	1760000	3.69234462483781
chrX	1760001	1770000	5.75474052902356
chrX	1770001	1780000	3.88173489436138
chrX	1780001	1790000	1.04175291947639
chrX	1810001	1820000	6.894713886165
chrX	1820001	1830000	3.89836432520306
chrX	1830001	1840000	5.84124228340468
chrX	1860001	1870000	3.6552007471227
chrX	1870001	1880000	3.76020568386108
chrX	1890001	1900000	4.7388250565622
chrX	1900001	1910000	3.87799108577994
chrX	1910001	1920000	3.39883075916778
chrX	1920001	1930000	6.62539324773057
chrX	2120001	2130000	2.03199723558583
chrX	2140001	2150000	3.18315104545209
chrX	2160001	2170000	4.8827062776939
chrX	2300001	2310000	2.02219417370503
chrX	2340001	2350000	3.28168958033662
chrX	2600001	2610000	1.207984186873
chrX	2620001	2630000	2.43075558290504
chrX	2630001	2640000	2.72698038529857
chrX	2640001	2650000	1.3978857812216
chrX	2650001	2660000	6.4278212459286
chrX	2660001	2670000	3.01621229595702
chrX	2720001	2730000	2.28418362044851
chrX	2750001	2760000	4.00909982183641
chrX	2820001	2830000	3.66753227338421
chrX	2910001	2920000	2.09054834794917
chrX	3010001	3020000	2.84215128162615
chrX	3020001	3030000	2.48545321213536
chrX	3030001	3040000	5.06554579498017
chrX	3190001	3200000	0.898786627120124
chrX	3230001	3240000	1.2404531571196
chrX	3430001	3440000	4.6611544720077
chrX	3490001	3500000	1.29453630609181
chrX	3500001	3510000	1.32152260914446
chrX	3520001	3530000	1.62518812271549
chrX	3560001	3570000	1.92316645738002
chrX	3580001	3590000	1.10358813775423
chrX	3660001	3670000	2.44200125788639
chrX	3690001	3700000	1.07838105735154
chrX	3700001	3710000	2.72287318859358
chrX	3710001	3720000	1.66801084829272
chrX	3840001	3850000	1.03862149771404
chrX	3990001	4000000	2.22165983479513
chrX	4020001	4030000	1.48474073027486
chrX	4050001	4060000	6.84841447513657
chrX	4090001	4100000	2.36002560222879
chrX	4160001	4170000	1.91823904485038
chrX	4400001	4410000	2.01980098602522
chrX	4410001	4420000	1.51589625845093
chrX	4470001	4480000	2.81291309032725
chrX	4770001	4780000	2.88926650210202
chrX	4920001	4930000	2.55107248836788
chrX	4930001	4940000	4.17074402708547
chrX	4980001	4990000	1.71554333806723
chrX	5050001	5060000	4.5314799081026
chrX	5090001	5100000	1.10334013660102
chrX	5320001	5330000	1.45907258409114
chrX	5360001	5370000	2.23117656444829
chrX	5390001	5400000	2.0301691592426
chrX	5410001	5420000	2.49819014624237
chrX	5490001	5500000	1.17247425483377
chrX	5560001	5570000	6.59904033134437
chrX	5580001	5590000	0.854694970803718
chrX	5610001	5620000	3.42118476459393
chrX	5620001	5630000	1.74626580334815
chrX	5740001	5750000	1.87871011317829
chrX	5880001	5890000	4.98895014476523
chrX	5890001	5900000	3.33211061985183
chrX	5900001	5910000	6.4060549623618
chrX	5920001	5930000	2.76539610136677
chrX	5960001	5970000	5.68396872510824
chrX	6180001	6190000	2.43461605496636
chrX	6190001	6200000	3.05587246831307
chrX	6420001	6430000	1.91539726049198
chrX	6490001	6500000	1.20242055332097
chrX	6540001	6550000	3.70996731140074
chrX	6560001	6570000	3.30641076928427
chrX	6580001	6590000	3.09896638699942
chrX	6700001	6710000	3.55471543947606
chrX	6980001	6990000	5.1199833892038
chrX	7000001	7010000	2.84583906577663
chrX	7030001	7040000	2.09524811801579
chrX	7040001	7050000	2.82928765697491
chrX	7050001	7060000	1.63407340715734
chrX	7100001	7110000	4.08430161066532
chrX	7110001	7120000	3.8465850718012
chrX	7370001	7380000	2.41984960464512
chrX	7390001	7400000	1.48720614906913
chrX	7410001	7420000	4.54642787898344
chrX	7540001	7550000	4.14942933028165
chrX	7700001	7710000	5.91091417178701
chrX	7750001	7760000	1.61591012714261
chrX	7840001	7850000	3.36463471186615
chrX	7850001	7860000	1.64898546616836
chrX	7910001	7920000	1.44339706727749
chrX	7920001	7930000	2.24590948968086
chrX	7930001	7940000	2.2262929253548
chrX	8120001	8130000	1.35968489225935
chrX	8170001	8180000	3.16349067954356
chrX	8310001	8320000	2.61284667947184
chrX	8330001	8340000	2.17363884693898
chrX	8500001	8510000	1.6895022713677
chrX	8510001	8520000	3.4698056788696
chrX	8520001	8530000	3.79085449686304
chrX	8590001	8600000	2.40197486561628
chrX	8610001	8620000	2.86851297289117
chrX	8690001	8700000	2.19343979558672
chrX	8710001	8720000	1.39140817508663
chrX	8770001	8780000	2.25003722103461
chrX	8950001	8960000	2.42141046349245
chrX	8970001	8980000	4.74176801856583
chrX	9010001	9020000	4.19055084550414
chrX	9040001	9050000	2.87356522356107
chrX	9050001	9060000	2.03892491538752
chrX	9120001	9130000	4.35475426001521
chrX	9140001	9150000	1.53964036144181
chrX	9150001	9160000	2.20548557745217
chrX	9160001	9170000	2.16383115451154
chrX	9170001	9180000	2.58292774014428
chrX	9180001	9190000	5.14348955021293
chrX	9190001	9200000	3.66587775751189
chrX	9200001	9210000	3.32116664639486
chrX	9240001	9250000	2.32221550960972
chrX	9280001	9290000	4.39555556384813
chrX	9320001	9330000	2.79176120490539
chrX	9350001	9360000	2.49855967260025
chrX	9380001	9390000	1.19564104449982
chrX	9570001	9580000	2.20252517290509
chrX	9580001	9590000	1.79083409039157
chrX	9640001	9650000	1.84181030451201
chrX	9650001	9660000	2.89541617855028
chrX	9680001	9690000	2.53481346443021
chrX	9710001	9720000	2.78473613127484
chrX	9720001	9730000	4.55561195081983
chrX	9970001	9980000	3.95231278329243
chrX	10010001	10020000	3.43554091274233
chrX	10030001	10040000	4.2780766350325
chrX	10040001	10050000	3.94997947516955
chrX	10260001	10270000	4.10625884821737
chrX	10270001	10280000	4.63079909042529
chrX	10300001	10310000	1.86056339573272
chrX	10450001	10460000	2.66224600939684
chrX	10460001	10470000	1.36285364195252
chrX	10490001	10500000	2.422154700224
chrX	10500001	10510000	3.57579835212792
chrX	10720001	10730000	1.18813477158361
chrX	10730001	10740000	3.69756165930253
chrX	10750001	10760000	0.927275893113237
chrX	10790001	10800000	4.14503701313697
chrX	10800001	10810000	2.25492278314388
chrX	10820001	10830000	1.80490176539392
chrX	11090001	11100000	3.52211414390572
chrX	11100001	11110000	3.86159587135421
chrX	11110001	11120000	4.08102158758898
chrX	11150001	11160000	1.79688229176976
chrX	11160001	11170000	2.82038698488725
chrX	11170001	11180000	2.71509601683722
chrX	11450001	11460000	3.29225166853121
chrX	11490001	11500000	2.50116245876298
chrX	11500001	11510000	1.99816670821543
chrX	11620001	11630000	2.65662951915806
chrX	11750001	11760000	3.39392806599009
chrX	11770001	11780000	6.4352989656396
chrX	11780001	11790000	6.62365407481821
chrX	11840001	11850000	3.68534349467728
chrX	11860001	11870000	3.11637493114414
chrX	11870001	11880000	1.68351858516607
chrX	11880001	11890000	5.20769685095282
chrX	11890001	11900000	3.91857171432644
chrX	12110001	12120000	1.68396147550058
chrX	12210001	12220000	1.63377751062965
chrX	12260001	12270000	2.5689030424562
chrX	12270001	12280000	5.46664810248389
chrX	12290001	12300000	5.01961201980111
chrX	12300001	12310000	2.23359513084201
chrX	12310001	12320000	3.32041313524232
chrX	12320001	12330000	2.03808241577917
chrX	12370001	12380000	2.64073343473506
chrX	12380001	12390000	1.21130804453152
chrX	12420001	12430000	1.39133111280357
chrX	12530001	12540000	2.19409709260845
chrX	12540001	12550000	6.12733554846808
chrX	12550001	12560000	4.74642278417216
chrX	12570001	12580000	2.09637130553294
chrX	12580001	12590000	4.10639714785839
chrX	12590001	12600000	2.08978351460196
chrX	12600001	12610000	3.03741370577614
chrX	12700001	12710000	6.2263012044943
chrX	12710001	12720000	4.5150916168621
chrX	12720001	12730000	1.41360638422978
chrX	12730001	12740000	1.53870122924377
chrX	12740001	12750000	1.80036329795568
chrX	12760001	12770000	1.78201015804
chrX	12940001	12950000	2.24296728570458
chrX	12960001	12970000	1.7331491732341
chrX	13020001	13030000	1.82865453327282
chrX	13030001	13040000	3.33325299992572
chrX	13080001	13090000	2.59198786587627
chrX	13090001	13100000	1.71173023158943
chrX	13180001	13190000	4.07662868121937
chrX	13190001	13200000	3.75374396781753
chrX	13270001	13280000	1.26522290980781
chrX	13290001	13300000	1.79306402917732
chrX	13370001	13380000	2.62683346116813
chrX	13380001	13390000	1.95601134703707
chrX	13390001	13400000	1.83744093256521
chrX	13460001	13470000	5.50917440387418
chrX	13480001	13490000	1.74231004344405
chrX	13490001	13500000	1.96305060386531
chrX	13550001	13560000	3.75615177153374
chrX	13620001	13630000	1.889134981083
chrX	13640001	13650000	2.29295564931068
chrX	13790001	13800000	1.62106698762437
chrX	13820001	13830000	4.01590393713529
chrX	13900001	13910000	2.93940398230253
chrX	14250001	14260000	1.49276976519657
chrX	14350001	14360000	1.98315621256673
chrX	14360001	14370000	5.12172244768036
chrX	14370001	14380000	3.8632841203045
chrX	14380001	14390000	3.82294086804498
chrX	14390001	14400000	4.51408409381647
chrX	14400001	14410000	3.75416633282756
chrX	14410001	14420000	4.38529419473297
chrX	14450001	14460000	1.35483657095364
chrX	14460001	14470000	4.81004360634805
chrX	14470001	14480000	8.88475672306139
chrX	14620001	14630000	2.55439088960666
chrX	14670001	14680000	2.42874468937382
chrX	14870001	14880000	2.65956857396909
chrX	14920001	14930000	5.0345320450223
chrX	14930001	14940000	3.42022942168554
chrX	15010001	15020000	3.6398004342668
chrX	15060001	15070000	3.75613593448748
chrX	15100001	15110000	1.51707802831179
chrX	15130001	15140000	1.79925620927218
chrX	15150001	15160000	3.28987780116819
chrX	15200001	15210000	1.76343326564553
chrX	15210001	15220000	1.54754393343723
chrX	15220001	15230000	1.3137620494623
chrX	15250001	15260000	2.18567414156524
chrX	15390001	15400000	2.66023471620277
chrX	15460001	15470000	2.78874307159509
chrX	15470001	15480000	3.20002163494442
chrX	15640001	15650000	1.69778517488641
chrX	15650001	15660000	1.18373819479217
chrX	15740001	15750000	2.1126765649306
chrX	15750001	15760000	1.57476519502427
chrX	15780001	15790000	3.06303474446304
chrX	15800001	15810000	5.61796068371123
chrX	15810001	15820000	3.18602009516146
chrX	15820001	15830000	6.74605587496998
chrX	15890001	15900000	0.880171055841036
chrX	15900001	15910000	6.48341144857126
chrX	15910001	15920000	1.92532355551991
chrX	15920001	15930000	1.28095328817952
chrX	15950001	15960000	4.09046214146196
chrX	15960001	15970000	3.97681358899214
chrX	15970001	15980000	4.71265979148866
chrX	15980001	15990000	2.07068863081057
chrX	16070001	16080000	2.81124854943246
chrX	16100001	16110000	1.9480295727348
chrX	16110001	16120000	1.44824954836694
chrX	16180001	16190000	2.53263009500934
chrX	16310001	16320000	1.92934547182034
chrX	16430001	16440000	1.25361725679866
chrX	16470001	16480000	5.18435663996337
chrX	16580001	16590000	2.11542213549312
chrX	16630001	16640000	3.14634050518436
chrX	16710001	16720000	5.33214640928363
chrX	16740001	16750000	2.52338414728825
chrX	16750001	16760000	3.48741121105014
chrX	16780001	16790000	4.15624692241314
chrX	16820001	16830000	3.67550047431609
chrX	16830001	16840000	7.68111379159964
chrX	16850001	16860000	4.5064702770196
chrX	16890001	16900000	3.33214678734423
chrX	16920001	16930000	1.81403650191846
chrX	17010001	17020000	5.83300237433523
chrX	17020001	17030000	1.56929175436096
chrX	17040001	17050000	1.18699315442857
chrX	17110001	17120000	2.56686996556825
chrX	17120001	17130000	3.00291838422168
chrX	17160001	17170000	5.33985068616048
chrX	17260001	17270000	6.2495263836686
chrX	17270001	17280000	3.37588493872977
chrX	17290001	17300000	1.66832692696821
chrX	17310001	17320000	1.54993944946781
chrX	17340001	17350000	1.8814069528036
chrX	17350001	17360000	1.2611675767002
chrX	17420001	17430000	1.95934474351697
chrX	17490001	17500000	3.45766412084067
chrX	17540001	17550000	4.71253114373678
chrX	17570001	17580000	2.95790740316578
chrX	17580001	17590000	3.42373665897158
chrX	17590001	17600000	4.85129679403832
chrX	17600001	17610000	1.73264014995193
chrX	17620001	17630000	1.63516019332836
chrX	17650001	17660000	6.29770868694898
chrX	17660001	17670000	2.13170164165873
chrX	17670001	17680000	1.8710547027319
chrX	17680001	17690000	3.11424219410806
chrX	17690001	17700000	6.6786207043372
chrX	17700001	17710000	3.93518104774306
chrX	17710001	17718942	1.51485366346207
